{"cameraMode":{"drawMode":0,"name":"Shaded","section":"Shading Mode"},"sceneLighting":true,"audioPlay":false,"sceneViewState":{"m_AlwaysRefresh":false,"showFog":true,"showSkybox":true,"showFlares":true,"showImageEffects":true,"showParticleSystems":true,"showVisualEffectGraphs":true,"m_FxEnabled":true},"in2DMode":false,"pivot":{"x":3.1969528198242189,"y":-12.937857627868653,"z":18.685218811035158},"rotation":{"x":0.42213767766952517,"y":0.3095628321170807,"z":-0.15600576996803285,"w":0.8376428484916687},"size":12.155494689941407,"orthographic":false}