{"cameraMode":{"drawMode":0,"name":"Shaded","section":"Shading Mode"},"sceneLighting":true,"audioPlay":false,"sceneViewState":{"m_AlwaysRefresh":false,"showFog":true,"showSkybox":true,"showFlares":true,"showImageEffects":true,"showParticleSystems":true,"showVisualEffectGraphs":true,"m_FxEnabled":true},"in2DMode":false,"pivot":{"x":11.266729354858399,"y":-6.788692474365234,"z":17.978151321411134},"rotation":{"x":0.25231412053108218,"y":0.47219014167785647,"z":-0.143124058842659,"w":0.8324070572853088},"size":11.510050773620606,"orthographic":false}