Using pre-set license

 COMMAND LINE ARGUMENTS:
/Applications/Unity/Unity.app/Contents/MacOS/Unity
-adb2
-batchMode
-noUpm
-name
AssetImportWorker0
-projectPath
/Users/game12/Desktop/Create With Code/Prototype 2
-logFile
Logs/AssetImportWorker0.log
-srvPort
50439
Successfully changed project path to: /Users/game12/Desktop/Create With Code/Prototype 2
Could not lock editor preferences. Preferences updates for this instance of Unity will not be saved./Users/game12/Desktop/Create With Code/Prototype 2
Using Asset Import Pipeline V2.
Refreshing native plugins compatible for Editor in 64.78 ms, found 1 plugins.
Preloading 0 native plugins for Editor in 0.00 ms.
Initialize engine version: 2021.1.6f1 (c0fade0cc7e9)
[Subsystems] Discovering subsystems at path /Applications/Unity/Unity.app/Contents/Resources/UnitySubsystems
[Subsystems] Discovering subsystems at path /Users/game12/Desktop/Create With Code/Prototype 2/Assets
GfxDevice: creating device client; threaded=0; jobified=0
2025-10-07 12:01:46.686 Unity[4023:155865] iMac preferred device: AMD Radeon Pro 5300 (high power)
2025-10-07 12:01:46.686 Unity[4023:155865] Metal devices available: 1
2025-10-07 12:01:46.687 Unity[4023:155865] 0: AMD Radeon Pro 5300 (high power)
2025-10-07 12:01:46.687 Unity[4023:155865] Using device AMD Radeon Pro 5300 (high power)
Initializing Metal device caps: AMD Radeon Pro 5300
Initialize mono
Mono path[0] = '/Applications/Unity/Unity.app/Contents/Managed'
Mono path[1] = '/Applications/Unity/Unity.app/Contents/MonoBleedingEdge/lib/mono/unityjit'
Mono config path = '/Applications/Unity/Unity.app/Contents/MonoBleedingEdge/etc'
Using monoOptions --debugger-agent=transport=dt_socket,embedding=1,server=y,suspend=n,address=127.0.0.1:56023
Begin MonoManager ReloadAssembly
Registering precompiled unity dll's ...
Register platform support module: /Applications/Unity/Unity.app/Contents/PlaybackEngines/MacStandaloneSupport/UnityEditor.OSXStandalone.Extensions.dll
Registered in 0.002177 seconds.
Native extension for OSXStandalone target not found
Refreshing native plugins compatible for Editor in 64.16 ms, found 1 plugins.
Preloading 0 native plugins for Editor in 0.00 ms.
Mono: successfully reloaded assembly
- Completed reload, in  2.667 seconds
Platform modules already initialized, skipping
Registering precompiled user dll's ...
Registered in 0.005954 seconds.
Begin MonoManager ReloadAssembly
Native extension for OSXStandalone target not found
Refreshing native plugins compatible for Editor in 0.44 ms, found 1 plugins.
Preloading 0 native plugins for Editor in 0.00 ms.
Mono: successfully reloaded assembly
- Completed reload, in  1.011 seconds
Platform modules already initialized, skipping
========================================================================
Worker process is ready to serve import requests
Launching external process: /Applications/Unity/Unity.app/Contents/Tools/UnityShaderCompiler
Launched and connected shader compiler UnityShaderCompiler after 0.02 seconds
Refreshing native plugins compatible for Editor in 0.44 ms, found 1 plugins.
Preloading 0 native plugins for Editor in 0.00 ms.
Unloading 2669 Unused Serialized files (Serialized files now loaded: 0)
System memory in use before: 165.8 MB.
System memory in use after: 165.9 MB.

Unloading 15 unused Assets to reduce memory usage. Loaded Objects now: 3122.
Total: 2.271662 ms (FindLiveObjects: 0.200468 ms CreateObjectMapping: 0.099906 ms MarkObjects: 1.898954 ms  DeleteObjects: 0.071505 ms)

========================================================================
Received Import Request.
  path: Assets/Scripts/SpawnManager.cs
  artifactKey: Guid(4ce3057bcb0d94dc8a6889743df5969e) Importer(815301076,1909f56bfc062723c751e8b465ee728b)
Start importing Assets/Scripts/SpawnManager.cs using Guid(4ce3057bcb0d94dc8a6889743df5969e) Importer(815301076,1909f56bfc062723c751e8b465ee728b)  -> (artifact id: '785cc95c8b5cbb9691a6dfb5616ff77e') in 0.335278 seconds 
========================================================================
Received Import Request.
  Time since last request: 195.506202 seconds.
  path: Assets/Course Library/_Source_Files/FBX/SA_Animal_Birds.fbx
  artifactKey: Guid(693459689483f9e4aa5a1a6e8b37269e) Importer(815301076,1909f56bfc062723c751e8b465ee728b)
Start importing Assets/Course Library/_Source_Files/FBX/SA_Animal_Birds.fbx using Guid(693459689483f9e4aa5a1a6e8b37269e) Importer(815301076,1909f56bfc062723c751e8b465ee728b)  -> (artifact id: '2c826983b0963e8ad81320b6fdff0441') in 1.056729 seconds 
========================================================================
Received Import Request.
  Time since last request: 0.000164 seconds.
  path: Assets/Course Library/_Source_Files/Textures/SimpleFarmer_FarmersDaughter_White.png
  artifactKey: Guid(bde8e4ecd0b2f344bb3b0d5bc6f7fc9c) Importer(815301076,1909f56bfc062723c751e8b465ee728b)
Start importing Assets/Course Library/_Source_Files/Textures/SimpleFarmer_FarmersDaughter_White.png using Guid(bde8e4ecd0b2f344bb3b0d5bc6f7fc9c) Importer(815301076,1909f56bfc062723c751e8b465ee728b)  -> (artifact id: 'a2e89a1712436e8d5b9ade72e505d758') in 0.797710 seconds 
========================================================================
Received Import Request.
  Time since last request: 0.000212 seconds.
  path: Assets/Course Library/_Source_Files/FBX/SI_Food_Fish_Cooked.fbx
  artifactKey: Guid(85e4a8c480f09dc4183af326bee29e93) Importer(815301076,1909f56bfc062723c751e8b465ee728b)
Start importing Assets/Course Library/_Source_Files/FBX/SI_Food_Fish_Cooked.fbx using Guid(85e4a8c480f09dc4183af326bee29e93) Importer(815301076,1909f56bfc062723c751e8b465ee728b)  -> (artifact id: 'a314c07e24c277e15b4b453f445b221f') in 0.013753 seconds 
========================================================================
Received Import Request.
  Time since last request: 0.000162 seconds.
  path: Assets/Course Library/_Source_Files/FBX/SA_Animal_Horse.fbx
  artifactKey: Guid(c4324fcdc6ce67d4e97e3c807c446974) Importer(815301076,1909f56bfc062723c751e8b465ee728b)
Start importing Assets/Course Library/_Source_Files/FBX/SA_Animal_Horse.fbx using Guid(c4324fcdc6ce67d4e97e3c807c446974) Importer(815301076,1909f56bfc062723c751e8b465ee728b)  -> (artifact id: '86f5671cae301b7fa3ac926618a10bad') in 0.048838 seconds 
========================================================================
Received Import Request.
  Time since last request: 0.000138 seconds.
  path: Assets/Course Library/_Source_Files/Misc/Mask_LowerBody.mask
  artifactKey: Guid(f34433e648b38134b89fe27b9e6955cc) Importer(815301076,1909f56bfc062723c751e8b465ee728b)
Start importing Assets/Course Library/_Source_Files/Misc/Mask_LowerBody.mask using Guid(f34433e648b38134b89fe27b9e6955cc) Importer(815301076,1909f56bfc062723c751e8b465ee728b)  -> (artifact id: '5f98fe8ffe248a74068f49c4936da231') in 0.326556 seconds 
========================================================================
Received Import Request.
  Time since last request: 0.000227 seconds.
  path: Assets/Course Library/_Source_Files/Textures/SimpleDogs.png
  artifactKey: Guid(9430bf83a61e53642891d8823882b08c) Importer(815301076,1909f56bfc062723c751e8b465ee728b)
Start importing Assets/Course Library/_Source_Files/Textures/SimpleDogs.png using Guid(9430bf83a61e53642891d8823882b08c) Importer(815301076,1909f56bfc062723c751e8b465ee728b)  -> (artifact id: 'ac4e6dd36b5425a0dacbc6b944c8ff65') in 0.011375 seconds 
========================================================================
Received Import Request.
  Time since last request: 0.000240 seconds.
  path: Assets/Course Library/_Source_Files/FBX/SI_Food_Organic_Apple_03.fbx
  artifactKey: Guid(6294bcc7efeb481429886b9604a08df6) Importer(815301076,1909f56bfc062723c751e8b465ee728b)
Start importing Assets/Course Library/_Source_Files/FBX/SI_Food_Organic_Apple_03.fbx using Guid(6294bcc7efeb481429886b9604a08df6) Importer(815301076,1909f56bfc062723c751e8b465ee728b)  -> (artifact id: '9651f9166ff0ca07a26df94e7e5e1f0a') in 0.014054 seconds 
========================================================================
Received Import Request.
  Time since last request: 0.000279 seconds.
  path: Assets/Course Library/_Source_Files/Materials/SimpleFarmer_FarmersDaughter_Black.mat
  artifactKey: Guid(e4d5a3e7cf15bcd4a919ec0bb9c42188) Importer(815301076,1909f56bfc062723c751e8b465ee728b)
Start importing Assets/Course Library/_Source_Files/Materials/SimpleFarmer_FarmersDaughter_Black.mat using Guid(e4d5a3e7cf15bcd4a919ec0bb9c42188) Importer(815301076,1909f56bfc062723c751e8b465ee728b)  -> (artifact id: '7d6ad807bac40f1e228614b8c79acaf3') in 0.424609 seconds 
========================================================================
Received Import Request.
  Time since last request: 0.000133 seconds.
  path: Assets/Course Library/_Source_Files/FBX/SI_Food_Organic_Carrot.fbx
  artifactKey: Guid(7f76d896f2cc25048b6175b2d696a4c6) Importer(815301076,1909f56bfc062723c751e8b465ee728b)
Start importing Assets/Course Library/_Source_Files/FBX/SI_Food_Organic_Carrot.fbx using Guid(7f76d896f2cc25048b6175b2d696a4c6) Importer(815301076,1909f56bfc062723c751e8b465ee728b)  -> (artifact id: '65c7b6769f0ab3fb9b72f9cf72263749') in 0.013803 seconds 
========================================================================
Received Import Request.
  Time since last request: 0.000210 seconds.
  path: Assets/Course Library/_Source_Files/Materials/SimpleDogs.mat
  artifactKey: Guid(5a3559dc71a3dee46a71f5627f48bb36) Importer(815301076,1909f56bfc062723c751e8b465ee728b)
Start importing Assets/Course Library/_Source_Files/Materials/SimpleDogs.mat using Guid(5a3559dc71a3dee46a71f5627f48bb36) Importer(815301076,1909f56bfc062723c751e8b465ee728b)  -> (artifact id: 'b83e947ffb5f955a5a8cbe343ca63047') in 0.011650 seconds 
========================================================================
Received Import Request.
  Time since last request: 0.000174 seconds.
  path: Assets/Course Library/_Source_Files/FBX/Fox.fbx
  artifactKey: Guid(f000ecb3e2f790d45bb3459ad897cb3e) Importer(815301076,1909f56bfc062723c751e8b465ee728b)
Start importing Assets/Course Library/_Source_Files/FBX/Fox.fbx using Guid(f000ecb3e2f790d45bb3459ad897cb3e) Importer(815301076,1909f56bfc062723c751e8b465ee728b)  -> (artifact id: '10953d7dbef9ea208c8edf1782190d8e') in 0.095807 seconds 
========================================================================
Received Import Request.
  Time since last request: 0.000159 seconds.
  path: Assets/Course Library/_Source_Files/FBX/SI_Food_Organic_Apple_01.fbx
  artifactKey: Guid(cf2656555a2f4904f94b09943e34400f) Importer(815301076,1909f56bfc062723c751e8b465ee728b)
Start importing Assets/Course Library/_Source_Files/FBX/SI_Food_Organic_Apple_01.fbx using Guid(cf2656555a2f4904f94b09943e34400f) Importer(815301076,1909f56bfc062723c751e8b465ee728b)  -> (artifact id: 'e1a7d7ffb16a38c169e27bed802ce02f') in 0.010050 seconds 
========================================================================
Received Import Request.
  Time since last request: 0.000153 seconds.
  path: Assets/Course Library/_Source_Files/FBX/SI_Food_Organic_Pear_02.fbx
  artifactKey: Guid(fac3f861a349d484a91061b9ed7aa40d) Importer(815301076,1909f56bfc062723c751e8b465ee728b)
Start importing Assets/Course Library/_Source_Files/FBX/SI_Food_Organic_Pear_02.fbx using Guid(fac3f861a349d484a91061b9ed7aa40d) Importer(815301076,1909f56bfc062723c751e8b465ee728b)  -> (artifact id: '7e405cfcb5e40e461a2385a800e53708') in 0.009581 seconds 
========================================================================
Received Import Request.
  Time since last request: 0.000174 seconds.
  path: Assets/Course Library/_Source_Files/FBX/SimpleFarm_Characters.fbx
  artifactKey: Guid(aaf0205bbf9d1a4458899575eed1c962) Importer(815301076,1909f56bfc062723c751e8b465ee728b)
Start importing Assets/Course Library/_Source_Files/FBX/SimpleFarm_Characters.fbx using Guid(aaf0205bbf9d1a4458899575eed1c962) Importer(815301076,1909f56bfc062723c751e8b465ee728b)  -> (artifact id: '0c8a7ba5e3ec6a55222b11466623076a') in 0.038677 seconds 
========================================================================
Received Import Request.
  Time since last request: 0.000144 seconds.
  path: Assets/Course Library/_Source_Files/Textures/SimpleFarmer_FarmersDaughter_Black.png
  artifactKey: Guid(96100b630096bb24b8ec619d9e6b1211) Importer(815301076,1909f56bfc062723c751e8b465ee728b)
Start importing Assets/Course Library/_Source_Files/Textures/SimpleFarmer_FarmersDaughter_Black.png using Guid(96100b630096bb24b8ec619d9e6b1211) Importer(815301076,1909f56bfc062723c751e8b465ee728b)  -> (artifact id: 'c3d8493ce67843c3e2d9e93d408f2627') in 0.007053 seconds 
========================================================================
Received Import Request.
  Time since last request: 0.000170 seconds.
  path: Assets/Course Library/_Source_Files/Materials/SimpleFarmer_FarmersDaughter_White.mat
  artifactKey: Guid(56ebc0202fbc1a24a960ec004e48a858) Importer(815301076,1909f56bfc062723c751e8b465ee728b)
Start importing Assets/Course Library/_Source_Files/Materials/SimpleFarmer_FarmersDaughter_White.mat using Guid(56ebc0202fbc1a24a960ec004e48a858) Importer(815301076,1909f56bfc062723c751e8b465ee728b)  -> (artifact id: 'f6fdd9ff9a012e049228e51583b62fc5') in 0.008017 seconds 
========================================================================
Received Import Request.
  Time since last request: 0.000199 seconds.
  path: Assets/Course Library/_Source_Files/Misc/Mask_Head.mask
  artifactKey: Guid(f4bf3f6dc42479e47b1fd0e457094fb7) Importer(815301076,1909f56bfc062723c751e8b465ee728b)
Start importing Assets/Course Library/_Source_Files/Misc/Mask_Head.mask using Guid(f4bf3f6dc42479e47b1fd0e457094fb7) Importer(815301076,1909f56bfc062723c751e8b465ee728b)  -> (artifact id: 'e114c3cee3deb64d671d34d95bb9b2d5') in 0.005183 seconds 
========================================================================
Received Import Request.
  Time since last request: 0.000182 seconds.
  path: Assets/Course Library/_Source_Files/FBX/SA_Animal_CowBull.fbx
  artifactKey: Guid(f18cd949d6d73cb459e428cd63e6ac27) Importer(815301076,1909f56bfc062723c751e8b465ee728b)
Start importing Assets/Course Library/_Source_Files/FBX/SA_Animal_CowBull.fbx using Guid(f18cd949d6d73cb459e428cd63e6ac27) Importer(815301076,1909f56bfc062723c751e8b465ee728b)  -> (artifact id: '4fabb882c1abe39d22ad4076f7ae82f6') in 0.032519 seconds 
========================================================================
Received Import Request.
  Time since last request: 0.000155 seconds.
  path: Assets/Course Library/_Source_Files/FBX/Animations.fbx
  artifactKey: Guid(d55a3dafe23105e409ee70d6605cbd49) Importer(815301076,1909f56bfc062723c751e8b465ee728b)
Start importing Assets/Course Library/_Source_Files/FBX/Animations.fbx using Guid(d55a3dafe23105e409ee70d6605cbd49) Importer(815301076,1909f56bfc062723c751e8b465ee728b)  -> (artifact id: '8c45ad00929e2b7a70748fb96d6f8e63') in 0.025535 seconds 
========================================================================
Received Import Request.
  Time since last request: 0.000143 seconds.
  path: Assets/Course Library/_Source_Files/Misc/Mask_Body.mask
  artifactKey: Guid(4244c57bb194c0e48861fc59aaf8214d) Importer(815301076,1909f56bfc062723c751e8b465ee728b)
Start importing Assets/Course Library/_Source_Files/Misc/Mask_Body.mask using Guid(4244c57bb194c0e48861fc59aaf8214d) Importer(815301076,1909f56bfc062723c751e8b465ee728b)  -> (artifact id: '960082fc151ebb6e343e5e7433ca8ae2') in 0.002456 seconds 
========================================================================
Received Import Request.
  Time since last request: 0.000288 seconds.
  path: Assets/Course Library/_Source_Files/FBX/SimpleDogs.fbx
  artifactKey: Guid(4813058df6cbc544c979b2b5b9882a81) Importer(815301076,1909f56bfc062723c751e8b465ee728b)
Start importing Assets/Course Library/_Source_Files/FBX/SimpleDogs.fbx using Guid(4813058df6cbc544c979b2b5b9882a81) Importer(815301076,1909f56bfc062723c751e8b465ee728b)  -> (artifact id: 'e07a082748615833c5a69b254498eac7') in 0.276246 seconds 
========================================================================
Received Import Request.
  Time since last request: 0.000277 seconds.
  path: Assets/Course Library/_Source_Files/Materials/SimpleFarmer_FarmersDaughter_Brown.mat
  artifactKey: Guid(cc347604e888272408e91697907628e5) Importer(815301076,1909f56bfc062723c751e8b465ee728b)
Start importing Assets/Course Library/_Source_Files/Materials/SimpleFarmer_FarmersDaughter_Brown.mat using Guid(cc347604e888272408e91697907628e5) Importer(815301076,1909f56bfc062723c751e8b465ee728b)  -> (artifact id: '2179b69e0106152bb203789b301dd40f') in 0.018903 seconds 
========================================================================
Received Import Request.
  Time since last request: 0.000275 seconds.
  path: Assets/Course Library/_Source_Files/FBX/SA_Animal_Chick.fbx
  artifactKey: Guid(5cffd02f329556b48a122caf2426df2f) Importer(815301076,1909f56bfc062723c751e8b465ee728b)
Start importing Assets/Course Library/_Source_Files/FBX/SA_Animal_Chick.fbx using Guid(5cffd02f329556b48a122caf2426df2f) Importer(815301076,1909f56bfc062723c751e8b465ee728b)  -> (artifact id: '081332f0a26e42a22d84bd3bf2ebb082') in 0.021645 seconds 
========================================================================
Received Import Request.
  Time since last request: 0.000228 seconds.
  path: Assets/Course Library/_Source_Files/Textures/SimpleFarmer_FarmersDaughter_Brown.png
  artifactKey: Guid(144811adb05d9874fab57bf4b53356a1) Importer(815301076,1909f56bfc062723c751e8b465ee728b)
Start importing Assets/Course Library/_Source_Files/Textures/SimpleFarmer_FarmersDaughter_Brown.png using Guid(144811adb05d9874fab57bf4b53356a1) Importer(815301076,1909f56bfc062723c751e8b465ee728b)  -> (artifact id: 'b364e4365380ec9c66353af7aed4573b') in 0.008072 seconds 
========================================================================
Received Import Request.
  Time since last request: 0.000350 seconds.
  path: Assets/Course Library/_Source_Files/FBX/Animations_IK.fbx
  artifactKey: Guid(6e4b26fde7f77c046bed3bb532de26f1) Importer(815301076,1909f56bfc062723c751e8b465ee728b)
Start importing Assets/Course Library/_Source_Files/FBX/Animations_IK.fbx using Guid(6e4b26fde7f77c046bed3bb532de26f1) Importer(815301076,1909f56bfc062723c751e8b465ee728b)  -> (artifact id: '0df857590cfe5ef4797944701c32b6a4') in 0.016843 seconds 
========================================================================
Received Import Request.
  Time since last request: 0.000268 seconds.
  path: Assets/Course Library/_Source_Files/FBX/Deer.fbx
  artifactKey: Guid(3751d6025630be542a1062112f2bcae5) Importer(815301076,1909f56bfc062723c751e8b465ee728b)
Start importing Assets/Course Library/_Source_Files/FBX/Deer.fbx using Guid(3751d6025630be542a1062112f2bcae5) Importer(815301076,1909f56bfc062723c751e8b465ee728b)  -> (artifact id: '76ec3819a7ac2cb5e1a444d563896fc1') in 0.096808 seconds 
========================================================================
Received Import Request.
  Time since last request: 0.000139 seconds.
  path: Assets/Course Library/_Source_Files/FBX/Items_Sandwich_01.fbx
  artifactKey: Guid(029157f85720f7749bec0a7d852a5894) Importer(815301076,1909f56bfc062723c751e8b465ee728b)
Start importing Assets/Course Library/_Source_Files/FBX/Items_Sandwich_01.fbx using Guid(029157f85720f7749bec0a7d852a5894) Importer(815301076,1909f56bfc062723c751e8b465ee728b)  -> (artifact id: '8a33a9b35baf362c3c84114e551173ac') in 0.012277 seconds 
========================================================================
Received Import Request.
  Time since last request: 38.164260 seconds.
  path: Assets/Prefabs/Dogs/Dog_SaintBernard_01.prefab
  artifactKey: Guid(7e327461e79cb2a479e055d455c9a2fd) Importer(815301076,1909f56bfc062723c751e8b465ee728b)
Start importing Assets/Prefabs/Dogs/Dog_SaintBernard_01.prefab using Guid(7e327461e79cb2a479e055d455c9a2fd) Importer(815301076,1909f56bfc062723c751e8b465ee728b)  -> (artifact id: '5f188ecd000b96480472c946ec088b54') in 0.200679 seconds 
========================================================================
Received Import Request.
  Time since last request: 8.013066 seconds.
  path: Assets/Prefabs/Dogs/Dog_SaintBernard_01.prefab
  artifactKey: Guid(7e327461e79cb2a479e055d455c9a2fd) Importer(815301076,1909f56bfc062723c751e8b465ee728b)
Start importing Assets/Prefabs/Dogs/Dog_SaintBernard_01.prefab using Guid(7e327461e79cb2a479e055d455c9a2fd) Importer(815301076,1909f56bfc062723c751e8b465ee728b)  -> (artifact id: '66048fa0241c8e17fed903bc84712bd0') in 0.033361 seconds 
========================================================================
Received Import Request.
  Time since last request: 2.187225 seconds.
  path: Assets/Prefabs/Dogs/Dog_SaintBernard_01.prefab
  artifactKey: Guid(7e327461e79cb2a479e055d455c9a2fd) Importer(815301076,1909f56bfc062723c751e8b465ee728b)
Start importing Assets/Prefabs/Dogs/Dog_SaintBernard_01.prefab using Guid(7e327461e79cb2a479e055d455c9a2fd) Importer(815301076,1909f56bfc062723c751e8b465ee728b)  -> (artifact id: 'c2408a108a3abc32d742d85745d2884a') in 0.036205 seconds 
========================================================================
Received Import Request.
  Time since last request: 25.159419 seconds.
  path: Assets/Prefabs/Dogs/Dog_SaintBernard_01.prefab
  artifactKey: Guid(7e327461e79cb2a479e055d455c9a2fd) Importer(815301076,1909f56bfc062723c751e8b465ee728b)
Start importing Assets/Prefabs/Dogs/Dog_SaintBernard_01.prefab using Guid(7e327461e79cb2a479e055d455c9a2fd) Importer(815301076,1909f56bfc062723c751e8b465ee728b)  -> (artifact id: '7dcfb6c542cb8fd02d7ea18360e372b2') in 0.063115 seconds 
========================================================================
Received Import Request.
  Time since last request: 5.081502 seconds.
  path: Assets/Prefabs/Dogs/Dog_SaintBernard_01.prefab
  artifactKey: Guid(7e327461e79cb2a479e055d455c9a2fd) Importer(815301076,1909f56bfc062723c751e8b465ee728b)
Start importing Assets/Prefabs/Dogs/Dog_SaintBernard_01.prefab using Guid(7e327461e79cb2a479e055d455c9a2fd) Importer(815301076,1909f56bfc062723c751e8b465ee728b)  -> (artifact id: '644f81cce0c1bba5c5a857cd8b9ab9e2') in 0.032906 seconds 
========================================================================
Received Import Request.
  Time since last request: 5.212472 seconds.
  path: Assets/Prefabs/Dogs/Dog_SaintBernard_01.prefab
  artifactKey: Guid(7e327461e79cb2a479e055d455c9a2fd) Importer(815301076,1909f56bfc062723c751e8b465ee728b)
Start importing Assets/Prefabs/Dogs/Dog_SaintBernard_01.prefab using Guid(7e327461e79cb2a479e055d455c9a2fd) Importer(815301076,1909f56bfc062723c751e8b465ee728b)  -> (artifact id: '790d39110b1a4775616ed41a32f8d4e4') in 0.033737 seconds 
========================================================================
Received Import Request.
  Time since last request: 5.820626 seconds.
  path: Assets/Prefabs/Dogs/Dog_SaintBernard_01.prefab
  artifactKey: Guid(7e327461e79cb2a479e055d455c9a2fd) Importer(815301076,1909f56bfc062723c751e8b465ee728b)
Start importing Assets/Prefabs/Dogs/Dog_SaintBernard_01.prefab using Guid(7e327461e79cb2a479e055d455c9a2fd) Importer(815301076,1909f56bfc062723c751e8b465ee728b)  -> (artifact id: '552d98047d986d7ab9cfdccea2993bbc') in 0.035350 seconds 
========================================================================
Received Import Request.
  Time since last request: 2.377489 seconds.
  path: Assets/Prefabs/Dogs/Dog_SaintBernard_01.prefab
  artifactKey: Guid(7e327461e79cb2a479e055d455c9a2fd) Importer(815301076,1909f56bfc062723c751e8b465ee728b)
Start importing Assets/Prefabs/Dogs/Dog_SaintBernard_01.prefab using Guid(7e327461e79cb2a479e055d455c9a2fd) Importer(815301076,1909f56bfc062723c751e8b465ee728b)  -> (artifact id: '369add309d8fec3e29f6d60513dda275') in 0.032676 seconds 
========================================================================
Received Import Request.
  Time since last request: 31.672731 seconds.
  path: Assets/Course Library/_Source_Files/FBX/Animations_Static.fbx
  artifactKey: Guid(7039333667ba45840b1411867278ee2e) Importer(815301076,1909f56bfc062723c751e8b465ee728b)
Start importing Assets/Course Library/_Source_Files/FBX/Animations_Static.fbx using Guid(7039333667ba45840b1411867278ee2e) Importer(815301076,1909f56bfc062723c751e8b465ee728b)  -> (artifact id: '5526f5f9f2f6ac21fff4317eab4d003e') in 0.007556 seconds 
========================================================================
Received Import Request.
  Time since last request: 0.000142 seconds.
  path: Assets/Course Library/_Source_Files/FBX/Items_EnergyCan_01.fbx
  artifactKey: Guid(6b10d5dd38b22314f932fba49fc26253) Importer(815301076,1909f56bfc062723c751e8b465ee728b)
Start importing Assets/Course Library/_Source_Files/FBX/Items_EnergyCan_01.fbx using Guid(6b10d5dd38b22314f932fba49fc26253) Importer(815301076,1909f56bfc062723c751e8b465ee728b)  -> (artifact id: 'bb213e6a403a68fb65cac4eb322ebc0a') in 0.016038 seconds 
========================================================================
Received Import Request.
  Time since last request: 0.000175 seconds.
  path: Assets/Course Library/_Source_Files/Materials/Gray.mat
  artifactKey: Guid(755a8ab3a8f607b4eb3106d48b449755) Importer(815301076,1909f56bfc062723c751e8b465ee728b)
Start importing Assets/Course Library/_Source_Files/Materials/Gray.mat using Guid(755a8ab3a8f607b4eb3106d48b449755) Importer(815301076,1909f56bfc062723c751e8b465ee728b)  -> (artifact id: '21ab8680ad4dc257dab8015aba860825') in 0.007378 seconds 
========================================================================
Received Import Request.
  Time since last request: 0.000167 seconds.
  path: Assets/Course Library/_Source_Files/FBX/Materials/lambert1.mat
  artifactKey: Guid(2f77fe2d0752f48f6b16be6f9bfdb15d) Importer(815301076,1909f56bfc062723c751e8b465ee728b)
Start importing Assets/Course Library/_Source_Files/FBX/Materials/lambert1.mat using Guid(2f77fe2d0752f48f6b16be6f9bfdb15d) Importer(815301076,1909f56bfc062723c751e8b465ee728b)  -> (artifact id: 'cad1271caebe25a89f008e09ecb4b2d4') in 0.006253 seconds 
========================================================================
Received Import Request.
  Time since last request: 0.000180 seconds.
  path: Assets/Course Library/_Source_Files/Materials/Black.mat
  artifactKey: Guid(3cb7a01022a204b6d871219becaca1ae) Importer(815301076,1909f56bfc062723c751e8b465ee728b)
Start importing Assets/Course Library/_Source_Files/Materials/Black.mat using Guid(3cb7a01022a204b6d871219becaca1ae) Importer(815301076,1909f56bfc062723c751e8b465ee728b)  -> (artifact id: 'c981a51c6ab5306e90f4cef4ce32427f') in 0.009278 seconds 
========================================================================
Received Import Request.
  Time since last request: 0.000155 seconds.
  path: Assets/Course Library/_Source_Files/FBX/Items_Pizza_01.fbx
  artifactKey: Guid(0169642a95e8fce49b967cc4543bcdd8) Importer(815301076,1909f56bfc062723c751e8b465ee728b)
Start importing Assets/Course Library/_Source_Files/FBX/Items_Pizza_01.fbx using Guid(0169642a95e8fce49b967cc4543bcdd8) Importer(815301076,1909f56bfc062723c751e8b465ee728b)  -> (artifact id: 'c13f4ec8367f47763375208457c7893e') in 0.010975 seconds 
========================================================================
Received Import Request.
  Time since last request: 0.522756 seconds.
  path: Assets/Course Library/_Source_Files/Textures/SimpleAnimalsFarm.png
  artifactKey: Guid(3df023afa2d589948af5cb2c34b25809) Importer(815301076,1909f56bfc062723c751e8b465ee728b)
Start importing Assets/Course Library/_Source_Files/Textures/SimpleAnimalsFarm.png using Guid(3df023afa2d589948af5cb2c34b25809) Importer(815301076,1909f56bfc062723c751e8b465ee728b)  -> (artifact id: '1a9c9ab91f415bbf50a9f73e2e23ca2b') in 0.007900 seconds 
========================================================================
Received Import Request.
  Time since last request: 0.000178 seconds.
  path: Assets/Course Library/Humans/SimpleFarmer_Man_02_Brown.prefab
  artifactKey: Guid(814f4326a50812947b2469896d89a215) Importer(815301076,1909f56bfc062723c751e8b465ee728b)
Start importing Assets/Course Library/Humans/SimpleFarmer_Man_02_Brown.prefab using Guid(814f4326a50812947b2469896d89a215) Importer(815301076,1909f56bfc062723c751e8b465ee728b)  -> (artifact id: '7ce6495a9f605a483b2e1192485b5d9e') in 0.049240 seconds 
========================================================================
Received Import Request.
  Time since last request: 0.000204 seconds.
  path: Assets/Course Library/Humans/SimpleFarmer_Man_01_Brown.prefab
  artifactKey: Guid(6f52b946693e54048af74f5cd6ba49f8) Importer(815301076,1909f56bfc062723c751e8b465ee728b)
Start importing Assets/Course Library/Humans/SimpleFarmer_Man_01_Brown.prefab using Guid(6f52b946693e54048af74f5cd6ba49f8) Importer(815301076,1909f56bfc062723c751e8b465ee728b)  -> (artifact id: 'd86856980b52d69071449a7158f75919') in 0.038070 seconds 
========================================================================
Received Import Request.
  Time since last request: 0.000450 seconds.
  path: Assets/Course Library/_Source_Files/Materials/SimpleAnimalsFarm.mat
  artifactKey: Guid(185ca34253615de44926902d54fb6f1d) Importer(815301076,1909f56bfc062723c751e8b465ee728b)
Start importing Assets/Course Library/_Source_Files/Materials/SimpleAnimalsFarm.mat using Guid(185ca34253615de44926902d54fb6f1d) Importer(815301076,1909f56bfc062723c751e8b465ee728b)  -> (artifact id: '1e50f98a4297b9a2a4736fa6c60d79e7') in 0.009405 seconds 
========================================================================
Received Import Request.
  Time since last request: 0.000131 seconds.
  path: Assets/Course Library/_Source_Files/Textures/SimpleFarmer_FarmWrangler_Black.png
  artifactKey: Guid(e3f5ae7056ee847478654d8ef6f4c4ad) Importer(815301076,1909f56bfc062723c751e8b465ee728b)
Start importing Assets/Course Library/_Source_Files/Textures/SimpleFarmer_FarmWrangler_Black.png using Guid(e3f5ae7056ee847478654d8ef6f4c4ad) Importer(815301076,1909f56bfc062723c751e8b465ee728b)  -> (artifact id: 'd26b1ed559251542adfdf22a474745f8') in 0.009789 seconds 
========================================================================
Received Import Request.
  Time since last request: 0.000189 seconds.
  path: Assets/Course Library/Humans/SimpleFarmer_Man_01_Black.prefab
  artifactKey: Guid(f8abbdd178867d2419ba9feb6ff2cba0) Importer(815301076,1909f56bfc062723c751e8b465ee728b)
Start importing Assets/Course Library/Humans/SimpleFarmer_Man_01_Black.prefab using Guid(f8abbdd178867d2419ba9feb6ff2cba0) Importer(815301076,1909f56bfc062723c751e8b465ee728b)  -> (artifact id: '735bb689d05f35a375f60b4c9c443109') in 0.026802 seconds 
========================================================================
Received Import Request.
  Time since last request: 0.000162 seconds.
  path: Assets/Course Library/_Source_Files/Materials/SimpleFarmer_FarmWrangler_Black.mat
  artifactKey: Guid(9d9526852cc4b0b42bf5de686168e78d) Importer(815301076,1909f56bfc062723c751e8b465ee728b)
Start importing Assets/Course Library/_Source_Files/Materials/SimpleFarmer_FarmWrangler_Black.mat using Guid(9d9526852cc4b0b42bf5de686168e78d) Importer(815301076,1909f56bfc062723c751e8b465ee728b)  -> (artifact id: 'edf8bdd73d8824a443f019e92951b25a') in 0.008104 seconds 
========================================================================
Received Import Request.
  Time since last request: 0.000141 seconds.
  path: Assets/Course Library/_Source_Files/Textures/SimpleFarmer_FarmWrangler_White.png
  artifactKey: Guid(38afee6b97f1660489dfceac21653a3d) Importer(815301076,1909f56bfc062723c751e8b465ee728b)
Start importing Assets/Course Library/_Source_Files/Textures/SimpleFarmer_FarmWrangler_White.png using Guid(38afee6b97f1660489dfceac21653a3d) Importer(815301076,1909f56bfc062723c751e8b465ee728b)  -> (artifact id: '6eb38930d27399b445de3d97594ac007') in 0.009460 seconds 
========================================================================
Received Import Request.
  Time since last request: 0.000153 seconds.
  path: Assets/Course Library/Humans/SimpleFarmer_Woman_02_Brown.prefab
  artifactKey: Guid(f3f69bcf5a1514c458ed5c9b96f28e34) Importer(815301076,1909f56bfc062723c751e8b465ee728b)
Start importing Assets/Course Library/Humans/SimpleFarmer_Woman_02_Brown.prefab using Guid(f3f69bcf5a1514c458ed5c9b96f28e34) Importer(815301076,1909f56bfc062723c751e8b465ee728b)  -> (artifact id: 'd1372debf77dfb340edf687e6b83c814') in 0.025292 seconds 
========================================================================
Received Import Request.
  Time since last request: 0.000156 seconds.
  path: Assets/Course Library/Humans/SimpleFarmer_Woman_02_White.prefab
  artifactKey: Guid(3cf7f489270aac84fb12901330960a5b) Importer(815301076,1909f56bfc062723c751e8b465ee728b)
Start importing Assets/Course Library/Humans/SimpleFarmer_Woman_02_White.prefab using Guid(3cf7f489270aac84fb12901330960a5b) Importer(815301076,1909f56bfc062723c751e8b465ee728b)  -> (artifact id: '44b7df9c72964fe79da5a1f3b224af1d') in 0.023728 seconds 
========================================================================
Received Import Request.
  Time since last request: 0.000164 seconds.
  path: Assets/Course Library/_Source_Files/Materials/SimpleFarmer_FarmWrangler_White.mat
  artifactKey: Guid(6bc0b76677d86c84bae40c11173940a2) Importer(815301076,1909f56bfc062723c751e8b465ee728b)
Start importing Assets/Course Library/_Source_Files/Materials/SimpleFarmer_FarmWrangler_White.mat using Guid(6bc0b76677d86c84bae40c11173940a2) Importer(815301076,1909f56bfc062723c751e8b465ee728b)  -> (artifact id: '8eb93d500276a55410497b6fa3ebcb03') in 0.008480 seconds 
========================================================================
Received Import Request.
  Time since last request: 0.000136 seconds.
  path: Assets/Course Library/Humans/SimpleFarmer_Man_02_Black.prefab
  artifactKey: Guid(fc01a3bb589cebc4aa10892db165243b) Importer(815301076,1909f56bfc062723c751e8b465ee728b)
Start importing Assets/Course Library/Humans/SimpleFarmer_Man_02_Black.prefab using Guid(fc01a3bb589cebc4aa10892db165243b) Importer(815301076,1909f56bfc062723c751e8b465ee728b)  -> (artifact id: 'fddfa1c5af248e2ca080ace94e38e02d') in 0.026851 seconds 
========================================================================
Received Import Request.
  Time since last request: 0.000147 seconds.
  path: Assets/Course Library/_Source_Files/Materials/SimpleForestAnimals.mat
  artifactKey: Guid(a47734c228690c7408645b04cd1a2550) Importer(815301076,1909f56bfc062723c751e8b465ee728b)
Start importing Assets/Course Library/_Source_Files/Materials/SimpleForestAnimals.mat using Guid(a47734c228690c7408645b04cd1a2550) Importer(815301076,1909f56bfc062723c751e8b465ee728b)  -> (artifact id: '059998d383d6ad5e0f6e8dd7f43e916d') in 0.012416 seconds 
========================================================================
Received Import Request.
  Time since last request: 0.000159 seconds.
  path: Assets/Course Library/_Source_Files/Textures/SimpleForestAnimalsTexture.png
  artifactKey: Guid(0e3dc26e089775e48968e91f860ff20c) Importer(815301076,1909f56bfc062723c751e8b465ee728b)
Start importing Assets/Course Library/_Source_Files/Textures/SimpleForestAnimalsTexture.png using Guid(0e3dc26e089775e48968e91f860ff20c) Importer(815301076,1909f56bfc062723c751e8b465ee728b)  -> (artifact id: 'e266ff97a131ee40e21c6db32682462c') in 0.006811 seconds 
========================================================================
Received Import Request.
  Time since last request: 0.000130 seconds.
  path: Assets/Course Library/Humans/SimpleFarmer_Woman_01_Black.prefab
  artifactKey: Guid(0e1316a3e46fdb349b6ff648610a1d71) Importer(815301076,1909f56bfc062723c751e8b465ee728b)
Start importing Assets/Course Library/Humans/SimpleFarmer_Woman_01_Black.prefab using Guid(0e1316a3e46fdb349b6ff648610a1d71) Importer(815301076,1909f56bfc062723c751e8b465ee728b)  -> (artifact id: '62a2f7a06a877d94eed425b034903fbe') in 0.023140 seconds 
========================================================================
Received Import Request.
  Time since last request: 0.000152 seconds.
  path: Assets/Course Library/Humans/SimpleFarmer_Woman_01_Brown.prefab
  artifactKey: Guid(610afbb40c4385d42aa33adfe3531f0a) Importer(815301076,1909f56bfc062723c751e8b465ee728b)
Start importing Assets/Course Library/Humans/SimpleFarmer_Woman_01_Brown.prefab using Guid(610afbb40c4385d42aa33adfe3531f0a) Importer(815301076,1909f56bfc062723c751e8b465ee728b)  -> (artifact id: 'af0c351e45d8ed9f4753684e63d5ffbd') in 0.024990 seconds 
========================================================================
Received Import Request.
  Time since last request: 0.000159 seconds.
  path: Assets/Course Library/Humans/SimpleFarmer_Woman_01_White.prefab
  artifactKey: Guid(7169122e91e1981469b2b6045ddf7963) Importer(815301076,1909f56bfc062723c751e8b465ee728b)
Start importing Assets/Course Library/Humans/SimpleFarmer_Woman_01_White.prefab using Guid(7169122e91e1981469b2b6045ddf7963) Importer(815301076,1909f56bfc062723c751e8b465ee728b)  -> (artifact id: 'e6c3d59218a6146874bc58253abc1f15') in 0.026560 seconds 
========================================================================
Received Import Request.
  Time since last request: 0.000140 seconds.
  path: Assets/Course Library/_Source_Files/Textures/Texture_Sand.png
  artifactKey: Guid(1d77cecaeaa637a4386def007c1a1e4d) Importer(815301076,1909f56bfc062723c751e8b465ee728b)
Start importing Assets/Course Library/_Source_Files/Textures/Texture_Sand.png using Guid(1d77cecaeaa637a4386def007c1a1e4d) Importer(815301076,1909f56bfc062723c751e8b465ee728b)  -> (artifact id: '90418251a888fe9bbb67dca6a04c0eee') in 0.011464 seconds 
========================================================================
Received Import Request.
  Time since last request: 0.000129 seconds.
  path: Assets/Course Library/_Source_Files/Materials/SimpleFarmer_FarmWrangler_Brown.mat
  artifactKey: Guid(98fbfc47bde97094b8c2f009de847406) Importer(815301076,1909f56bfc062723c751e8b465ee728b)
Start importing Assets/Course Library/_Source_Files/Materials/SimpleFarmer_FarmWrangler_Brown.mat using Guid(98fbfc47bde97094b8c2f009de847406) Importer(815301076,1909f56bfc062723c751e8b465ee728b)  -> (artifact id: 'fd36701776067be20567f11df5ecaac1') in 0.010321 seconds 
========================================================================
Received Import Request.
  Time since last request: 0.000160 seconds.
  path: Assets/Course Library/Humans/SimpleFarmer_Man_02_White.prefab
  artifactKey: Guid(7b6675de545141649953fd8adec4561b) Importer(815301076,1909f56bfc062723c751e8b465ee728b)
Start importing Assets/Course Library/Humans/SimpleFarmer_Man_02_White.prefab using Guid(7b6675de545141649953fd8adec4561b) Importer(815301076,1909f56bfc062723c751e8b465ee728b)  -> (artifact id: '98bae916858364c6abb4c17bdd0a08b0') in 0.022249 seconds 
========================================================================
Received Import Request.
  Time since last request: 0.000156 seconds.
  path: Assets/Course Library/Humans/SimpleFarmer_Man_01_White.prefab
  artifactKey: Guid(3bd8a450fcb589542a7843ea7bda2ee6) Importer(815301076,1909f56bfc062723c751e8b465ee728b)
Start importing Assets/Course Library/Humans/SimpleFarmer_Man_01_White.prefab using Guid(3bd8a450fcb589542a7843ea7bda2ee6) Importer(815301076,1909f56bfc062723c751e8b465ee728b)  -> (artifact id: '09b88a897994f76c24d19c1207aede48') in 0.023912 seconds 
========================================================================
Received Import Request.
  Time since last request: 0.000453 seconds.
  path: Assets/Course Library/Humans/SimpleFarmer_Woman_02_Black.prefab
  artifactKey: Guid(2af1fa464b69e4c4cb1a408373c7d971) Importer(815301076,1909f56bfc062723c751e8b465ee728b)
Start importing Assets/Course Library/Humans/SimpleFarmer_Woman_02_Black.prefab using Guid(2af1fa464b69e4c4cb1a408373c7d971) Importer(815301076,1909f56bfc062723c751e8b465ee728b)  -> (artifact id: '2beb91e9aab7d4a4b0a88a95d2ecc9c0') in 0.024710 seconds 
========================================================================
Received Import Request.
  Time since last request: 0.000297 seconds.
  path: Assets/Course Library/_Source_Files/FBX/SM_Icon_Banana_02.fbx
  artifactKey: Guid(796f38e395d865d4d91774af07561c7a) Importer(815301076,1909f56bfc062723c751e8b465ee728b)
Start importing Assets/Course Library/_Source_Files/FBX/SM_Icon_Banana_02.fbx using Guid(796f38e395d865d4d91774af07561c7a) Importer(815301076,1909f56bfc062723c751e8b465ee728b)  -> (artifact id: '94a4995639c623a90846488c3d4d8c3a') in 0.012286 seconds 
========================================================================
Received Import Request.
  Time since last request: 0.000140 seconds.
  path: Assets/Course Library/_Source_Files/Textures/SimpleFarmer_FarmWrangler_Brown.png
  artifactKey: Guid(45eb17d5fe65a6942aee37575c20cf68) Importer(815301076,1909f56bfc062723c751e8b465ee728b)
Start importing Assets/Course Library/_Source_Files/Textures/SimpleFarmer_FarmWrangler_Brown.png using Guid(45eb17d5fe65a6942aee37575c20cf68) Importer(815301076,1909f56bfc062723c751e8b465ee728b)  -> (artifact id: 'f50ce1be3ed721fc11d6a9bb6adef813') in 0.006517 seconds 
========================================================================
Received Import Request.
  Time since last request: 15.932115 seconds.
  path: Assets/Prefabs/Farm/Animal_Rooster_Brown.prefab
  artifactKey: Guid(3fe800c166ae0d04881a20247bde736d) Importer(815301076,1909f56bfc062723c751e8b465ee728b)
Start importing Assets/Prefabs/Farm/Animal_Rooster_Brown.prefab using Guid(3fe800c166ae0d04881a20247bde736d) Importer(815301076,1909f56bfc062723c751e8b465ee728b)  -> (artifact id: '145ad036d08c741546a07fe0218455e7') in 0.014376 seconds 
========================================================================
Received Import Request.
  Time since last request: 8.446121 seconds.
  path: Assets/Prefabs/Farm/Animal_Rooster_Brown.prefab
  artifactKey: Guid(3fe800c166ae0d04881a20247bde736d) Importer(815301076,1909f56bfc062723c751e8b465ee728b)
Start importing Assets/Prefabs/Farm/Animal_Rooster_Brown.prefab using Guid(3fe800c166ae0d04881a20247bde736d) Importer(815301076,1909f56bfc062723c751e8b465ee728b)  -> (artifact id: '101fa1dfb382891bda5ac269617a4a35') in 0.012588 seconds 
========================================================================
Received Import Request.
  Time since last request: 2.197980 seconds.
  path: Assets/Prefabs/Farm/Animal_Rooster_Brown.prefab
  artifactKey: Guid(3fe800c166ae0d04881a20247bde736d) Importer(815301076,1909f56bfc062723c751e8b465ee728b)
Start importing Assets/Prefabs/Farm/Animal_Rooster_Brown.prefab using Guid(3fe800c166ae0d04881a20247bde736d) Importer(815301076,1909f56bfc062723c751e8b465ee728b)  -> (artifact id: '8f638678efdbd3a258d2a88b8d9977b8') in 0.011786 seconds 
========================================================================
Received Import Request.
  Time since last request: 3.001888 seconds.
  path: Assets/Prefabs/Farm/Animal_Rooster_Brown.prefab
  artifactKey: Guid(3fe800c166ae0d04881a20247bde736d) Importer(815301076,1909f56bfc062723c751e8b465ee728b)
Start importing Assets/Prefabs/Farm/Animal_Rooster_Brown.prefab using Guid(3fe800c166ae0d04881a20247bde736d) Importer(815301076,1909f56bfc062723c751e8b465ee728b)  -> (artifact id: 'db63e0c190c28d471c47b3a845871305') in 0.012061 seconds 
========================================================================
Received Import Request.
  Time since last request: 1.805005 seconds.
  path: Assets/Prefabs/Farm/Animal_Rooster_Brown.prefab
  artifactKey: Guid(3fe800c166ae0d04881a20247bde736d) Importer(815301076,1909f56bfc062723c751e8b465ee728b)
Start importing Assets/Prefabs/Farm/Animal_Rooster_Brown.prefab using Guid(3fe800c166ae0d04881a20247bde736d) Importer(815301076,1909f56bfc062723c751e8b465ee728b)  -> (artifact id: '79b588bcac7c0c22e530c5de81aebe98') in 0.013358 seconds 
========================================================================
Received Import Request.
  Time since last request: 2.200848 seconds.
  path: Assets/Prefabs/Farm/Animal_Rooster_Brown.prefab
  artifactKey: Guid(3fe800c166ae0d04881a20247bde736d) Importer(815301076,1909f56bfc062723c751e8b465ee728b)
Start importing Assets/Prefabs/Farm/Animal_Rooster_Brown.prefab using Guid(3fe800c166ae0d04881a20247bde736d) Importer(815301076,1909f56bfc062723c751e8b465ee728b)  -> (artifact id: 'f833f58b41b57cc972e1120e6a834137') in 0.012893 seconds 
========================================================================
Received Import Request.
  Time since last request: 2.200496 seconds.
  path: Assets/Prefabs/Farm/Animal_Rooster_Brown.prefab
  artifactKey: Guid(3fe800c166ae0d04881a20247bde736d) Importer(815301076,1909f56bfc062723c751e8b465ee728b)
Start importing Assets/Prefabs/Farm/Animal_Rooster_Brown.prefab using Guid(3fe800c166ae0d04881a20247bde736d) Importer(815301076,1909f56bfc062723c751e8b465ee728b)  -> (artifact id: '90f2a5702f0c8c859ba413e15c7ff17d') in 0.013026 seconds 
========================================================================
Received Import Request.
  Time since last request: 2.829833 seconds.
  path: Assets/Prefabs/Farm/Animal_Rooster_Brown.prefab
  artifactKey: Guid(3fe800c166ae0d04881a20247bde736d) Importer(815301076,1909f56bfc062723c751e8b465ee728b)
Start importing Assets/Prefabs/Farm/Animal_Rooster_Brown.prefab using Guid(3fe800c166ae0d04881a20247bde736d) Importer(815301076,1909f56bfc062723c751e8b465ee728b)  -> (artifact id: '41bf7cd5ea1af2bfc107db568398677c') in 0.012939 seconds 
========================================================================
Received Import Request.
  Time since last request: 1.797973 seconds.
  path: Assets/Prefabs/Farm/Animal_Rooster_Brown.prefab
  artifactKey: Guid(3fe800c166ae0d04881a20247bde736d) Importer(815301076,1909f56bfc062723c751e8b465ee728b)
Start importing Assets/Prefabs/Farm/Animal_Rooster_Brown.prefab using Guid(3fe800c166ae0d04881a20247bde736d) Importer(815301076,1909f56bfc062723c751e8b465ee728b)  -> (artifact id: '6aa2566ea8ae021b0b72d97bebc59f14') in 0.012570 seconds 
========================================================================
Received Import Request.
  Time since last request: 2.202074 seconds.
  path: Assets/Prefabs/Farm/Animal_Rooster_Brown.prefab
  artifactKey: Guid(3fe800c166ae0d04881a20247bde736d) Importer(815301076,1909f56bfc062723c751e8b465ee728b)
Start importing Assets/Prefabs/Farm/Animal_Rooster_Brown.prefab using Guid(3fe800c166ae0d04881a20247bde736d) Importer(815301076,1909f56bfc062723c751e8b465ee728b)  -> (artifact id: '0412fdb512561cd5fe4bf8d621c46fbb') in 0.012417 seconds 
========================================================================
Received Import Request.
  Time since last request: 1.998862 seconds.
  path: Assets/Prefabs/Farm/Animal_Rooster_Brown.prefab
  artifactKey: Guid(3fe800c166ae0d04881a20247bde736d) Importer(815301076,1909f56bfc062723c751e8b465ee728b)
Start importing Assets/Prefabs/Farm/Animal_Rooster_Brown.prefab using Guid(3fe800c166ae0d04881a20247bde736d) Importer(815301076,1909f56bfc062723c751e8b465ee728b)  -> (artifact id: '692748d19bd92fcc1f743787c401a2be') in 0.013802 seconds 
========================================================================
Received Import Request.
  Time since last request: 4.454710 seconds.
  path: Assets/Prefabs/Farm/Animal_Rooster_Brown.prefab
  artifactKey: Guid(3fe800c166ae0d04881a20247bde736d) Importer(815301076,1909f56bfc062723c751e8b465ee728b)
Start importing Assets/Prefabs/Farm/Animal_Rooster_Brown.prefab using Guid(3fe800c166ae0d04881a20247bde736d) Importer(815301076,1909f56bfc062723c751e8b465ee728b)  -> (artifact id: '03bb94f98f1851dd2ae5dda86be571fb') in 0.011558 seconds 
========================================================================
Received Import Request.
  Time since last request: 9.797324 seconds.
  path: Assets/Prefabs/Farm/Animal_Rooster_Brown.prefab
  artifactKey: Guid(3fe800c166ae0d04881a20247bde736d) Importer(815301076,1909f56bfc062723c751e8b465ee728b)
Start importing Assets/Prefabs/Farm/Animal_Rooster_Brown.prefab using Guid(3fe800c166ae0d04881a20247bde736d) Importer(815301076,1909f56bfc062723c751e8b465ee728b)  -> (artifact id: 'a4e321f6bed939e34303a0da9160194e') in 0.016502 seconds 
========================================================================
Received Import Request.
  Time since last request: 2.793185 seconds.
  path: Assets/Prefabs/Farm/Animal_Rooster_Brown.prefab
  artifactKey: Guid(3fe800c166ae0d04881a20247bde736d) Importer(815301076,1909f56bfc062723c751e8b465ee728b)
Start importing Assets/Prefabs/Farm/Animal_Rooster_Brown.prefab using Guid(3fe800c166ae0d04881a20247bde736d) Importer(815301076,1909f56bfc062723c751e8b465ee728b)  -> (artifact id: '450fa225fb93689c5bb5cb5f469df6fc') in 0.015130 seconds 
========================================================================
Received Import Request.
  Time since last request: 64.832155 seconds.
  path: Assets/Prefabs/Forest/Animal_Stag_01.prefab
  artifactKey: Guid(ff249e9534924c744bdfa6a3d2d1746c) Importer(815301076,1909f56bfc062723c751e8b465ee728b)
Start importing Assets/Prefabs/Forest/Animal_Stag_01.prefab using Guid(ff249e9534924c744bdfa6a3d2d1746c) Importer(815301076,1909f56bfc062723c751e8b465ee728b)  -> (artifact id: 'aec3acf06b186ad79c93a20b498c11eb') in 0.020855 seconds 
========================================================================
Received Import Request.
  Time since last request: 3.599627 seconds.
  path: Assets/Prefabs/Forest/Animal_Stag_01.prefab
  artifactKey: Guid(ff249e9534924c744bdfa6a3d2d1746c) Importer(815301076,1909f56bfc062723c751e8b465ee728b)
Start importing Assets/Prefabs/Forest/Animal_Stag_01.prefab using Guid(ff249e9534924c744bdfa6a3d2d1746c) Importer(815301076,1909f56bfc062723c751e8b465ee728b)  -> (artifact id: '6d91b271ab6ef29509596a22d1ee1fc8') in 0.014789 seconds 
========================================================================
Received Import Request.
  Time since last request: 5.247618 seconds.
  path: Assets/Prefabs/Forest/Animal_Stag_01.prefab
  artifactKey: Guid(ff249e9534924c744bdfa6a3d2d1746c) Importer(815301076,1909f56bfc062723c751e8b465ee728b)
Start importing Assets/Prefabs/Forest/Animal_Stag_01.prefab using Guid(ff249e9534924c744bdfa6a3d2d1746c) Importer(815301076,1909f56bfc062723c751e8b465ee728b)  -> (artifact id: '05795d731d0caf5deb3fe947f520212b') in 0.014979 seconds 
========================================================================
Received Import Request.
  Time since last request: 3.012877 seconds.
  path: Assets/Prefabs/Forest/Animal_Stag_01.prefab
  artifactKey: Guid(ff249e9534924c744bdfa6a3d2d1746c) Importer(815301076,1909f56bfc062723c751e8b465ee728b)
Start importing Assets/Prefabs/Forest/Animal_Stag_01.prefab using Guid(ff249e9534924c744bdfa6a3d2d1746c) Importer(815301076,1909f56bfc062723c751e8b465ee728b)  -> (artifact id: 'c4b03353950516b54357193d3b9cec0e') in 0.015008 seconds 
========================================================================
Received Import Request.
  Time since last request: 2.806499 seconds.
  path: Assets/Prefabs/Forest/Animal_Stag_01.prefab
  artifactKey: Guid(ff249e9534924c744bdfa6a3d2d1746c) Importer(815301076,1909f56bfc062723c751e8b465ee728b)
Start importing Assets/Prefabs/Forest/Animal_Stag_01.prefab using Guid(ff249e9534924c744bdfa6a3d2d1746c) Importer(815301076,1909f56bfc062723c751e8b465ee728b)  -> (artifact id: '91e5b8360743f56489b11b1e690cdcf6') in 0.013896 seconds 
========================================================================
Received Import Request.
  Time since last request: 2.412036 seconds.
  path: Assets/Prefabs/Forest/Animal_Stag_01.prefab
  artifactKey: Guid(ff249e9534924c744bdfa6a3d2d1746c) Importer(815301076,1909f56bfc062723c751e8b465ee728b)
Start importing Assets/Prefabs/Forest/Animal_Stag_01.prefab using Guid(ff249e9534924c744bdfa6a3d2d1746c) Importer(815301076,1909f56bfc062723c751e8b465ee728b)  -> (artifact id: '1734b66a45b796436bcd8f1965d3a9b3') in 0.014234 seconds 
========================================================================
Received Import Request.
  Time since last request: 1.997828 seconds.
  path: Assets/Prefabs/Forest/Animal_Stag_01.prefab
  artifactKey: Guid(ff249e9534924c744bdfa6a3d2d1746c) Importer(815301076,1909f56bfc062723c751e8b465ee728b)
Start importing Assets/Prefabs/Forest/Animal_Stag_01.prefab using Guid(ff249e9534924c744bdfa6a3d2d1746c) Importer(815301076,1909f56bfc062723c751e8b465ee728b)  -> (artifact id: 'a50bdd166347565025b598f526b9f6c8') in 0.014767 seconds 
========================================================================
Received Import Request.
  Time since last request: 3.011898 seconds.
  path: Assets/Prefabs/Forest/Animal_Stag_01.prefab
  artifactKey: Guid(ff249e9534924c744bdfa6a3d2d1746c) Importer(815301076,1909f56bfc062723c751e8b465ee728b)
Start importing Assets/Prefabs/Forest/Animal_Stag_01.prefab using Guid(ff249e9534924c744bdfa6a3d2d1746c) Importer(815301076,1909f56bfc062723c751e8b465ee728b)  -> (artifact id: 'bff70c018a3cba15b137baff92f0757b') in 0.014198 seconds 
========================================================================
Received Import Request.
  Time since last request: 2.004254 seconds.
  path: Assets/Prefabs/Forest/Animal_Stag_01.prefab
  artifactKey: Guid(ff249e9534924c744bdfa6a3d2d1746c) Importer(815301076,1909f56bfc062723c751e8b465ee728b)
Start importing Assets/Prefabs/Forest/Animal_Stag_01.prefab using Guid(ff249e9534924c744bdfa6a3d2d1746c) Importer(815301076,1909f56bfc062723c751e8b465ee728b)  -> (artifact id: 'fe39f66cabde361fdcd25d246be09d1d') in 0.014305 seconds 
========================================================================
Received Import Request.
  Time since last request: 3.018283 seconds.
  path: Assets/Prefabs/Forest/Animal_Stag_01.prefab
  artifactKey: Guid(ff249e9534924c744bdfa6a3d2d1746c) Importer(815301076,1909f56bfc062723c751e8b465ee728b)
Start importing Assets/Prefabs/Forest/Animal_Stag_01.prefab using Guid(ff249e9534924c744bdfa6a3d2d1746c) Importer(815301076,1909f56bfc062723c751e8b465ee728b)  -> (artifact id: '784a470cf422b5fc4ee8a471cde67c97') in 0.015367 seconds 
========================================================================
Received Import Request.
  Time since last request: 9.571852 seconds.
  path: Assets/Prefabs/Forest/Animal_Stag_01.prefab
  artifactKey: Guid(ff249e9534924c744bdfa6a3d2d1746c) Importer(815301076,1909f56bfc062723c751e8b465ee728b)
Start importing Assets/Prefabs/Forest/Animal_Stag_01.prefab using Guid(ff249e9534924c744bdfa6a3d2d1746c) Importer(815301076,1909f56bfc062723c751e8b465ee728b)  -> (artifact id: '698dc38aa6716fd0a9bb05a535710192') in 0.016102 seconds 
========================================================================
Received Import Request.
  Time since last request: 2.603303 seconds.
  path: Assets/Prefabs/Forest/Animal_Stag_01.prefab
  artifactKey: Guid(ff249e9534924c744bdfa6a3d2d1746c) Importer(815301076,1909f56bfc062723c751e8b465ee728b)
Start importing Assets/Prefabs/Forest/Animal_Stag_01.prefab using Guid(ff249e9534924c744bdfa6a3d2d1746c) Importer(815301076,1909f56bfc062723c751e8b465ee728b)  -> (artifact id: '0fec1901603d9c33a36db9c3d8dfed65') in 0.017460 seconds 
========================================================================
Received Prepare
Registering precompiled user dll's ...
Registered in 0.005824 seconds.
Begin MonoManager ReloadAssembly
Native extension for OSXStandalone target not found
Refreshing native plugins compatible for Editor in 0.44 ms, found 1 plugins.
Preloading 0 native plugins for Editor in 0.00 ms.
Mono: successfully reloaded assembly
- Completed reload, in  1.002 seconds
Platform modules already initialized, skipping
Refreshing native plugins compatible for Editor in 0.46 ms, found 1 plugins.
Preloading 0 native plugins for Editor in 0.00 ms.
Unloading 2674 Unused Serialized files (Serialized files now loaded: 0)
System memory in use before: 230.9 MB.
System memory in use after: 231.1 MB.

Unloading 11 unused Assets to reduce memory usage. Loaded Objects now: 3321.
Total: 2.365457 ms (FindLiveObjects: 0.358154 ms CreateObjectMapping: 0.142694 ms MarkObjects: 1.818788 ms  DeleteObjects: 0.045067 ms)

========================================================================
Received Import Request.
  Time since last request: 92.207874 seconds.
  path: Assets/Prefabs/Dogs/Dog_SaintBernard_01.prefab
  artifactKey: Guid(7e327461e79cb2a479e055d455c9a2fd) Importer(815301076,1909f56bfc062723c751e8b465ee728b)
Start importing Assets/Prefabs/Dogs/Dog_SaintBernard_01.prefab using Guid(7e327461e79cb2a479e055d455c9a2fd) Importer(815301076,1909f56bfc062723c751e8b465ee728b)  -> (artifact id: '296b1fcdf569904dde4c37db83726164') in 0.104383 seconds 
========================================================================
Received Import Request.
  Time since last request: 2.898222 seconds.
  path: Assets/Prefabs/Dogs/Dog_SaintBernard_01.prefab
  artifactKey: Guid(7e327461e79cb2a479e055d455c9a2fd) Importer(815301076,1909f56bfc062723c751e8b465ee728b)
Start importing Assets/Prefabs/Dogs/Dog_SaintBernard_01.prefab using Guid(7e327461e79cb2a479e055d455c9a2fd) Importer(815301076,1909f56bfc062723c751e8b465ee728b)  -> (artifact id: 'db54e1dd8838cc795af1d257ef6d515a') in 0.033018 seconds 
========================================================================
Received Import Request.
  Time since last request: 24.774266 seconds.
  path: Assets/Prefabs/Steak.prefab
  artifactKey: Guid(b98b984821d8c47768af55de7368d267) Importer(815301076,1909f56bfc062723c751e8b465ee728b)
Start importing Assets/Prefabs/Steak.prefab using Guid(b98b984821d8c47768af55de7368d267) Importer(815301076,1909f56bfc062723c751e8b465ee728b)  -> (artifact id: '2e088e509b670da34ff20e3701bd10e0') in 0.008546 seconds 
========================================================================
Received Import Request.
  Time since last request: 1.824401 seconds.
  path: Assets/Prefabs/Steak.prefab
  artifactKey: Guid(b98b984821d8c47768af55de7368d267) Importer(815301076,1909f56bfc062723c751e8b465ee728b)
Start importing Assets/Prefabs/Steak.prefab using Guid(b98b984821d8c47768af55de7368d267) Importer(815301076,1909f56bfc062723c751e8b465ee728b)  -> (artifact id: '406df8635740c77bf6942a909224f7b5') in 0.006855 seconds 
========================================================================
Received Import Request.
  Time since last request: 33.522692 seconds.
  path: Assets/Scripts/DestroyCollision.cs
  artifactKey: Guid(30c821884462a42fcbd7ac6e25ed4f92) Importer(815301076,1909f56bfc062723c751e8b465ee728b)
Start importing Assets/Scripts/DestroyCollision.cs using Guid(30c821884462a42fcbd7ac6e25ed4f92) Importer(815301076,1909f56bfc062723c751e8b465ee728b)  -> (artifact id: '938379c1bc0376abf26818b5c0a54df3') in 0.006345 seconds 
========================================================================
Received Prepare
Registering precompiled user dll's ...
Registered in 0.001984 seconds.
Begin MonoManager ReloadAssembly
Native extension for OSXStandalone target not found
Refreshing native plugins compatible for Editor in 0.56 ms, found 1 plugins.
Preloading 0 native plugins for Editor in 0.00 ms.
Mono: successfully reloaded assembly
- Completed reload, in  0.933 seconds
Platform modules already initialized, skipping
Refreshing native plugins compatible for Editor in 0.44 ms, found 1 plugins.
Preloading 0 native plugins for Editor in 0.00 ms.
Unloading 2665 Unused Serialized files (Serialized files now loaded: 0)
System memory in use before: 231.0 MB.
System memory in use after: 231.2 MB.

Unloading 10 unused Assets to reduce memory usage. Loaded Objects now: 3326.
Total: 2.121716 ms (FindLiveObjects: 0.209823 ms CreateObjectMapping: 0.104521 ms MarkObjects: 1.725718 ms  DeleteObjects: 0.080922 ms)

========================================================================
Received Import Request.
  Time since last request: 13.437577 seconds.
  path: Assets/Scripts/DetectCollision.cs
  artifactKey: Guid(30c821884462a42fcbd7ac6e25ed4f92) Importer(815301076,1909f56bfc062723c751e8b465ee728b)
Start importing Assets/Scripts/DetectCollision.cs using Guid(30c821884462a42fcbd7ac6e25ed4f92) Importer(815301076,1909f56bfc062723c751e8b465ee728b)  -> (artifact id: 'cdc6d9926342b1cdd7aff839f70f5d28') in 0.005810 seconds 
========================================================================
Received Prepare
Registering precompiled user dll's ...
Registered in 0.002576 seconds.
Begin MonoManager ReloadAssembly
Native extension for OSXStandalone target not found
Refreshing native plugins compatible for Editor in 0.45 ms, found 1 plugins.
Preloading 0 native plugins for Editor in 0.00 ms.
Mono: successfully reloaded assembly
- Completed reload, in  0.935 seconds
Platform modules already initialized, skipping
Refreshing native plugins compatible for Editor in 0.46 ms, found 1 plugins.
Preloading 0 native plugins for Editor in 0.00 ms.
Unloading 2665 Unused Serialized files (Serialized files now loaded: 0)
System memory in use before: 231.3 MB.
System memory in use after: 231.5 MB.

Unloading 10 unused Assets to reduce memory usage. Loaded Objects now: 3329.
Total: 2.044261 ms (FindLiveObjects: 0.218991 ms CreateObjectMapping: 0.104554 ms MarkObjects: 1.612673 ms  DeleteObjects: 0.107262 ms)

========================================================================
Received Prepare
Registering precompiled user dll's ...
Registered in 0.002545 seconds.
Begin MonoManager ReloadAssembly
Native extension for OSXStandalone target not found
Refreshing native plugins compatible for Editor in 0.45 ms, found 1 plugins.
Preloading 0 native plugins for Editor in 0.00 ms.
Mono: successfully reloaded assembly
- Completed reload, in  0.918 seconds
Platform modules already initialized, skipping
Refreshing native plugins compatible for Editor in 0.45 ms, found 1 plugins.
Preloading 0 native plugins for Editor in 0.00 ms.
Unloading 2665 Unused Serialized files (Serialized files now loaded: 0)
System memory in use before: 231.7 MB.
System memory in use after: 231.9 MB.

Unloading 10 unused Assets to reduce memory usage. Loaded Objects now: 3332.
Total: 1.691301 ms (FindLiveObjects: 0.195085 ms CreateObjectMapping: 0.087330 ms MarkObjects: 1.367434 ms  DeleteObjects: 0.040675 ms)

========================================================================
Received Import Request.
  Time since last request: 25.098035 seconds.
  path: Assets/Scripts/DetectCollision.cs
  artifactKey: Guid(30c821884462a42fcbd7ac6e25ed4f92) Importer(815301076,1909f56bfc062723c751e8b465ee728b)
Start importing Assets/Scripts/DetectCollision.cs using Guid(30c821884462a42fcbd7ac6e25ed4f92) Importer(815301076,1909f56bfc062723c751e8b465ee728b)  -> (artifact id: '242bd194e479f9dac34d7860a22b0586') in 0.004717 seconds 
========================================================================
Received Import Request.
  Time since last request: 13.288999 seconds.
  path: Assets/Prefabs/Dogs/Dog_SaintBernard_01.prefab
  artifactKey: Guid(7e327461e79cb2a479e055d455c9a2fd) Importer(815301076,1909f56bfc062723c751e8b465ee728b)
Start importing Assets/Prefabs/Dogs/Dog_SaintBernard_01.prefab using Guid(7e327461e79cb2a479e055d455c9a2fd) Importer(815301076,1909f56bfc062723c751e8b465ee728b)  -> (artifact id: 'a880a7529d6340ccd70a4bb434d745a7') in 0.099119 seconds 
========================================================================
Received Import Request.
  Time since last request: 15.280737 seconds.
  path: Assets/Prefabs/Farm/Animal_Rooster_Brown.prefab
  artifactKey: Guid(3fe800c166ae0d04881a20247bde736d) Importer(815301076,1909f56bfc062723c751e8b465ee728b)
Start importing Assets/Prefabs/Farm/Animal_Rooster_Brown.prefab using Guid(3fe800c166ae0d04881a20247bde736d) Importer(815301076,1909f56bfc062723c751e8b465ee728b)  -> (artifact id: '4198530ddeadeb9814ce740089d71d16') in 0.016538 seconds 
========================================================================
Received Import Request.
  Time since last request: 10.093494 seconds.
  path: Assets/Prefabs/Forest/Animal_Stag_01.prefab
  artifactKey: Guid(ff249e9534924c744bdfa6a3d2d1746c) Importer(815301076,1909f56bfc062723c751e8b465ee728b)
Start importing Assets/Prefabs/Forest/Animal_Stag_01.prefab using Guid(ff249e9534924c744bdfa6a3d2d1746c) Importer(815301076,1909f56bfc062723c751e8b465ee728b)  -> (artifact id: '30b9016ca4695c90846c6a4bcf3a9b2f') in 0.023125 seconds 
========================================================================
Received Import Request.
  Time since last request: 6.427601 seconds.
  path: Assets/Prefabs/Forest/Animal_Stag_01.prefab
  artifactKey: Guid(ff249e9534924c744bdfa6a3d2d1746c) Importer(815301076,1909f56bfc062723c751e8b465ee728b)
Start importing Assets/Prefabs/Forest/Animal_Stag_01.prefab using Guid(ff249e9534924c744bdfa6a3d2d1746c) Importer(815301076,1909f56bfc062723c751e8b465ee728b)  -> (artifact id: '1899a4e24ebf3495a788f51532da4846') in 0.014536 seconds 
========================================================================
Received Prepare
Registering precompiled user dll's ...
Registered in 0.002284 seconds.
Begin MonoManager ReloadAssembly
Native extension for OSXStandalone target not found
Refreshing native plugins compatible for Editor in 0.61 ms, found 1 plugins.
Preloading 0 native plugins for Editor in 0.00 ms.
Mono: successfully reloaded assembly
- Completed reload, in  0.943 seconds
Platform modules already initialized, skipping
Refreshing native plugins compatible for Editor in 0.45 ms, found 1 plugins.
Preloading 0 native plugins for Editor in 0.00 ms.
Unloading 2665 Unused Serialized files (Serialized files now loaded: 0)
System memory in use before: 232.1 MB.
System memory in use after: 232.3 MB.

Unloading 10 unused Assets to reduce memory usage. Loaded Objects now: 3336.
Total: 2.036529 ms (FindLiveObjects: 0.286948 ms CreateObjectMapping: 0.162370 ms MarkObjects: 1.541377 ms  DeleteObjects: 0.045061 ms)

========================================================================
Received Prepare
Registering precompiled user dll's ...
Registered in 0.001498 seconds.
Begin MonoManager ReloadAssembly
Native extension for OSXStandalone target not found
Refreshing native plugins compatible for Editor in 0.44 ms, found 1 plugins.
Preloading 0 native plugins for Editor in 0.00 ms.
Mono: successfully reloaded assembly
- Completed reload, in  0.917 seconds
Platform modules already initialized, skipping
Refreshing native plugins compatible for Editor in 0.49 ms, found 1 plugins.
Preloading 0 native plugins for Editor in 0.00 ms.
Unloading 2665 Unused Serialized files (Serialized files now loaded: 0)
System memory in use before: 232.3 MB.
System memory in use after: 232.5 MB.

Unloading 10 unused Assets to reduce memory usage. Loaded Objects now: 3339.
Total: 2.462690 ms (FindLiveObjects: 0.393396 ms CreateObjectMapping: 0.187486 ms MarkObjects: 1.836793 ms  DeleteObjects: 0.044201 ms)

========================================================================
Received Import Request.
  Time since last request: 163.307707 seconds.
  path: Assets/Prefabs/Dogs/Dog_SaintBernard_01.prefab
  artifactKey: Guid(7e327461e79cb2a479e055d455c9a2fd) Importer(815301076,1909f56bfc062723c751e8b465ee728b)
Start importing Assets/Prefabs/Dogs/Dog_SaintBernard_01.prefab using Guid(7e327461e79cb2a479e055d455c9a2fd) Importer(815301076,1909f56bfc062723c751e8b465ee728b)  -> (artifact id: 'cb8a203cd1bf859c1f64d52cb1a7ab87') in 0.100782 seconds 
========================================================================
Received Import Request.
  Time since last request: 1.500731 seconds.
  path: Assets/Prefabs/Dogs/Dog_SaintBernard_01.prefab
  artifactKey: Guid(7e327461e79cb2a479e055d455c9a2fd) Importer(815301076,1909f56bfc062723c751e8b465ee728b)
Start importing Assets/Prefabs/Dogs/Dog_SaintBernard_01.prefab using Guid(7e327461e79cb2a479e055d455c9a2fd) Importer(815301076,1909f56bfc062723c751e8b465ee728b)  -> (artifact id: '922a7d56eb48a93cb4225187490454ae') in 0.033511 seconds 
========================================================================
Received Import Request.
  Time since last request: 1.170698 seconds.
  path: Assets/Prefabs/Dogs/Dog_SaintBernard_01.prefab
  artifactKey: Guid(7e327461e79cb2a479e055d455c9a2fd) Importer(815301076,1909f56bfc062723c751e8b465ee728b)
Start importing Assets/Prefabs/Dogs/Dog_SaintBernard_01.prefab using Guid(7e327461e79cb2a479e055d455c9a2fd) Importer(815301076,1909f56bfc062723c751e8b465ee728b)  -> (artifact id: '92d4e6fc4962c2d4ad310580d07c7faa') in 0.032326 seconds 
========================================================================
Received Import Request.
  Time since last request: 2.593534 seconds.
  path: Assets/Prefabs/Dogs/Dog_SaintBernard_01.prefab
  artifactKey: Guid(7e327461e79cb2a479e055d455c9a2fd) Importer(815301076,1909f56bfc062723c751e8b465ee728b)
Start importing Assets/Prefabs/Dogs/Dog_SaintBernard_01.prefab using Guid(7e327461e79cb2a479e055d455c9a2fd) Importer(815301076,1909f56bfc062723c751e8b465ee728b)  -> (artifact id: 'd5a0b5f43e6a951ee88a1658f665eb89') in 0.032747 seconds 
========================================================================
Received Import Request.
  Time since last request: 3.792411 seconds.
  path: Assets/Prefabs/Dogs/Dog_SaintBernard_01.prefab
  artifactKey: Guid(7e327461e79cb2a479e055d455c9a2fd) Importer(815301076,1909f56bfc062723c751e8b465ee728b)
Start importing Assets/Prefabs/Dogs/Dog_SaintBernard_01.prefab using Guid(7e327461e79cb2a479e055d455c9a2fd) Importer(815301076,1909f56bfc062723c751e8b465ee728b)  -> (artifact id: 'd78ff5e7c92df5323d6faa660e324b9e') in 0.033225 seconds 
========================================================================
Received Import Request.
  Time since last request: 2.385055 seconds.
  path: Assets/Prefabs/Dogs/Dog_SaintBernard_01.prefab
  artifactKey: Guid(7e327461e79cb2a479e055d455c9a2fd) Importer(815301076,1909f56bfc062723c751e8b465ee728b)
Start importing Assets/Prefabs/Dogs/Dog_SaintBernard_01.prefab using Guid(7e327461e79cb2a479e055d455c9a2fd) Importer(815301076,1909f56bfc062723c751e8b465ee728b)  -> (artifact id: '6617e4dd30873ee9c588b118179bc20b') in 0.033279 seconds 
========================================================================
Received Import Request.
  Time since last request: 27.136697 seconds.
  path: Assets/Prefabs/Dogs/Dog_SaintBernard_01.prefab
  artifactKey: Guid(7e327461e79cb2a479e055d455c9a2fd) Importer(815301076,1909f56bfc062723c751e8b465ee728b)
Start importing Assets/Prefabs/Dogs/Dog_SaintBernard_01.prefab using Guid(7e327461e79cb2a479e055d455c9a2fd) Importer(815301076,1909f56bfc062723c751e8b465ee728b)  -> (artifact id: '34801122094c983a9f874c86fd904d71') in 0.033590 seconds 
========================================================================
Received Import Request.
  Time since last request: 7.885968 seconds.
  path: Assets/Prefabs/Dogs/Dog_SaintBernard_01.prefab
  artifactKey: Guid(7e327461e79cb2a479e055d455c9a2fd) Importer(815301076,1909f56bfc062723c751e8b465ee728b)
Start importing Assets/Prefabs/Dogs/Dog_SaintBernard_01.prefab using Guid(7e327461e79cb2a479e055d455c9a2fd) Importer(815301076,1909f56bfc062723c751e8b465ee728b)  -> (artifact id: 'd79e618e0744cff3db5f918617ecd99d') in 0.033705 seconds 
========================================================================
Received Import Request.
  Time since last request: 4.611196 seconds.
  path: Assets/Prefabs/Dogs/Dog_SaintBernard_01.prefab
  artifactKey: Guid(7e327461e79cb2a479e055d455c9a2fd) Importer(815301076,1909f56bfc062723c751e8b465ee728b)
Start importing Assets/Prefabs/Dogs/Dog_SaintBernard_01.prefab using Guid(7e327461e79cb2a479e055d455c9a2fd) Importer(815301076,1909f56bfc062723c751e8b465ee728b)  -> (artifact id: '3ba2ab45e40469f49ec995b52eeb6017') in 0.032754 seconds 
========================================================================
Received Import Request.
  Time since last request: 8.558493 seconds.
  path: Assets/Prefabs/Dogs/Dog_SaintBernard_01.prefab
  artifactKey: Guid(7e327461e79cb2a479e055d455c9a2fd) Importer(815301076,1909f56bfc062723c751e8b465ee728b)
Start importing Assets/Prefabs/Dogs/Dog_SaintBernard_01.prefab using Guid(7e327461e79cb2a479e055d455c9a2fd) Importer(815301076,1909f56bfc062723c751e8b465ee728b)  -> (artifact id: '5a66706a76de147789efc52faf6b00fd') in 0.033212 seconds 
========================================================================
Received Import Request.
  Time since last request: 2.992950 seconds.
  path: Assets/Prefabs/Dogs/Dog_SaintBernard_01.prefab
  artifactKey: Guid(7e327461e79cb2a479e055d455c9a2fd) Importer(815301076,1909f56bfc062723c751e8b465ee728b)
Start importing Assets/Prefabs/Dogs/Dog_SaintBernard_01.prefab using Guid(7e327461e79cb2a479e055d455c9a2fd) Importer(815301076,1909f56bfc062723c751e8b465ee728b)  -> (artifact id: 'f49042230b90f08f25e56a4f25ed6332') in 0.031929 seconds 
========================================================================
Received Import Request.
  Time since last request: 1.793340 seconds.
  path: Assets/Prefabs/Dogs/Dog_SaintBernard_01.prefab
  artifactKey: Guid(7e327461e79cb2a479e055d455c9a2fd) Importer(815301076,1909f56bfc062723c751e8b465ee728b)
Start importing Assets/Prefabs/Dogs/Dog_SaintBernard_01.prefab using Guid(7e327461e79cb2a479e055d455c9a2fd) Importer(815301076,1909f56bfc062723c751e8b465ee728b)  -> (artifact id: '07e9402d041ed2d4cca1eedd2de7ebb2') in 0.033472 seconds 
========================================================================
Received Import Request.
  Time since last request: 2.403715 seconds.
  path: Assets/Prefabs/Dogs/Dog_SaintBernard_01.prefab
  artifactKey: Guid(7e327461e79cb2a479e055d455c9a2fd) Importer(815301076,1909f56bfc062723c751e8b465ee728b)
Start importing Assets/Prefabs/Dogs/Dog_SaintBernard_01.prefab using Guid(7e327461e79cb2a479e055d455c9a2fd) Importer(815301076,1909f56bfc062723c751e8b465ee728b)  -> (artifact id: '264e5634c4055381709539f2bbd9e737') in 0.033358 seconds 
========================================================================
Received Import Request.
  Time since last request: 5.017350 seconds.
  path: Assets/Prefabs/Dogs/Dog_SaintBernard_01.prefab
  artifactKey: Guid(7e327461e79cb2a479e055d455c9a2fd) Importer(815301076,1909f56bfc062723c751e8b465ee728b)
Start importing Assets/Prefabs/Dogs/Dog_SaintBernard_01.prefab using Guid(7e327461e79cb2a479e055d455c9a2fd) Importer(815301076,1909f56bfc062723c751e8b465ee728b)  -> (artifact id: '2f23ccf7efbb4172d3ea0d749fac4d9f') in 0.032510 seconds 
========================================================================
Received Import Request.
  Time since last request: 1.590972 seconds.
  path: Assets/Prefabs/Dogs/Dog_SaintBernard_01.prefab
  artifactKey: Guid(7e327461e79cb2a479e055d455c9a2fd) Importer(815301076,1909f56bfc062723c751e8b465ee728b)
Start importing Assets/Prefabs/Dogs/Dog_SaintBernard_01.prefab using Guid(7e327461e79cb2a479e055d455c9a2fd) Importer(815301076,1909f56bfc062723c751e8b465ee728b)  -> (artifact id: '09c4cd035192799b776668bd900ffb59') in 0.033222 seconds 
========================================================================
Received Import Request.
  Time since last request: 4.010775 seconds.
  path: Assets/Prefabs/Dogs/Dog_SaintBernard_01.prefab
  artifactKey: Guid(7e327461e79cb2a479e055d455c9a2fd) Importer(815301076,1909f56bfc062723c751e8b465ee728b)
Start importing Assets/Prefabs/Dogs/Dog_SaintBernard_01.prefab using Guid(7e327461e79cb2a479e055d455c9a2fd) Importer(815301076,1909f56bfc062723c751e8b465ee728b)  -> (artifact id: '5b0eedf595914b2c3ce28e6605e9f7ef') in 0.033943 seconds 
========================================================================
Received Import Request.
  Time since last request: 5.443778 seconds.
  path: Assets/Prefabs/Dogs/Dog_SaintBernard_01.prefab
  artifactKey: Guid(7e327461e79cb2a479e055d455c9a2fd) Importer(815301076,1909f56bfc062723c751e8b465ee728b)
Start importing Assets/Prefabs/Dogs/Dog_SaintBernard_01.prefab using Guid(7e327461e79cb2a479e055d455c9a2fd) Importer(815301076,1909f56bfc062723c751e8b465ee728b)  -> (artifact id: '228d0779188dbd23fe24a161faae3627') in 0.033004 seconds 
========================================================================
Received Import Request.
  Time since last request: 1.974303 seconds.
  path: Assets/Prefabs/Dogs/Dog_SaintBernard_01.prefab
  artifactKey: Guid(7e327461e79cb2a479e055d455c9a2fd) Importer(815301076,1909f56bfc062723c751e8b465ee728b)
Start importing Assets/Prefabs/Dogs/Dog_SaintBernard_01.prefab using Guid(7e327461e79cb2a479e055d455c9a2fd) Importer(815301076,1909f56bfc062723c751e8b465ee728b)  -> (artifact id: 'a84269906604cb7199ab42c5bfd9630f') in 0.034019 seconds 
========================================================================
Received Import Request.
  Time since last request: 3.392796 seconds.
  path: Assets/Prefabs/Dogs/Dog_SaintBernard_01.prefab
  artifactKey: Guid(7e327461e79cb2a479e055d455c9a2fd) Importer(815301076,1909f56bfc062723c751e8b465ee728b)
Start importing Assets/Prefabs/Dogs/Dog_SaintBernard_01.prefab using Guid(7e327461e79cb2a479e055d455c9a2fd) Importer(815301076,1909f56bfc062723c751e8b465ee728b)  -> (artifact id: '18547a2158342eb5e493ae94b0308e6a') in 0.032457 seconds 
========================================================================
Received Import Request.
  Time since last request: 1.987621 seconds.
  path: Assets/Prefabs/Dogs/Dog_SaintBernard_01.prefab
  artifactKey: Guid(7e327461e79cb2a479e055d455c9a2fd) Importer(815301076,1909f56bfc062723c751e8b465ee728b)
Start importing Assets/Prefabs/Dogs/Dog_SaintBernard_01.prefab using Guid(7e327461e79cb2a479e055d455c9a2fd) Importer(815301076,1909f56bfc062723c751e8b465ee728b)  -> (artifact id: '5bd1184cf7caeccba2b156089a4a5204') in 0.033709 seconds 
========================================================================
Received Import Request.
  Time since last request: 2.786072 seconds.
  path: Assets/Prefabs/Dogs/Dog_SaintBernard_01.prefab
  artifactKey: Guid(7e327461e79cb2a479e055d455c9a2fd) Importer(815301076,1909f56bfc062723c751e8b465ee728b)
Start importing Assets/Prefabs/Dogs/Dog_SaintBernard_01.prefab using Guid(7e327461e79cb2a479e055d455c9a2fd) Importer(815301076,1909f56bfc062723c751e8b465ee728b)  -> (artifact id: '93a0c0c9288575c0fdba7cf82075c86b') in 0.034392 seconds 
========================================================================
Received Import Request.
  Time since last request: 5.221574 seconds.
  path: Assets/Prefabs/Dogs/Dog_SaintBernard_01.prefab
  artifactKey: Guid(7e327461e79cb2a479e055d455c9a2fd) Importer(815301076,1909f56bfc062723c751e8b465ee728b)
Start importing Assets/Prefabs/Dogs/Dog_SaintBernard_01.prefab using Guid(7e327461e79cb2a479e055d455c9a2fd) Importer(815301076,1909f56bfc062723c751e8b465ee728b)  -> (artifact id: '059df01ef880b7ab0cf1153fa64cc4f3') in 0.039461 seconds 
========================================================================
Received Import Request.
  Time since last request: 2.569380 seconds.
  path: Assets/Prefabs/Dogs/Dog_SaintBernard_01.prefab
  artifactKey: Guid(7e327461e79cb2a479e055d455c9a2fd) Importer(815301076,1909f56bfc062723c751e8b465ee728b)
Start importing Assets/Prefabs/Dogs/Dog_SaintBernard_01.prefab using Guid(7e327461e79cb2a479e055d455c9a2fd) Importer(815301076,1909f56bfc062723c751e8b465ee728b)  -> (artifact id: '30cc19f73b2c4ebc89303452f67dfb16') in 0.033993 seconds 
========================================================================
Received Import Request.
  Time since last request: 3.796589 seconds.
  path: Assets/Prefabs/Dogs/Dog_SaintBernard_01.prefab
  artifactKey: Guid(7e327461e79cb2a479e055d455c9a2fd) Importer(815301076,1909f56bfc062723c751e8b465ee728b)
Start importing Assets/Prefabs/Dogs/Dog_SaintBernard_01.prefab using Guid(7e327461e79cb2a479e055d455c9a2fd) Importer(815301076,1909f56bfc062723c751e8b465ee728b)  -> (artifact id: '298a8ab28b4f34204c9aea0cd353b4dc') in 0.034751 seconds 
========================================================================
Received Import Request.
  Time since last request: 3.606872 seconds.
  path: Assets/Prefabs/Dogs/Dog_SaintBernard_01.prefab
  artifactKey: Guid(7e327461e79cb2a479e055d455c9a2fd) Importer(815301076,1909f56bfc062723c751e8b465ee728b)
Start importing Assets/Prefabs/Dogs/Dog_SaintBernard_01.prefab using Guid(7e327461e79cb2a479e055d455c9a2fd) Importer(815301076,1909f56bfc062723c751e8b465ee728b)  -> (artifact id: '07ca7c1fd2db7887804f3253b1c9af18') in 0.034234 seconds 
========================================================================
Received Import Request.
  Time since last request: 2.406470 seconds.
  path: Assets/Prefabs/Dogs/Dog_SaintBernard_01.prefab
  artifactKey: Guid(7e327461e79cb2a479e055d455c9a2fd) Importer(815301076,1909f56bfc062723c751e8b465ee728b)
Start importing Assets/Prefabs/Dogs/Dog_SaintBernard_01.prefab using Guid(7e327461e79cb2a479e055d455c9a2fd) Importer(815301076,1909f56bfc062723c751e8b465ee728b)  -> (artifact id: '00968fc737ba54af9376e7dcb40fd626') in 0.034966 seconds 
========================================================================
Received Prepare
Registering precompiled user dll's ...
Registered in 0.001817 seconds.
Begin MonoManager ReloadAssembly
Native extension for OSXStandalone target not found
Refreshing native plugins compatible for Editor in 0.44 ms, found 1 plugins.
Preloading 0 native plugins for Editor in 0.00 ms.
Mono: successfully reloaded assembly
- Completed reload, in  0.915 seconds
Platform modules already initialized, skipping
Refreshing native plugins compatible for Editor in 0.46 ms, found 1 plugins.
Preloading 0 native plugins for Editor in 0.00 ms.
Unloading 2665 Unused Serialized files (Serialized files now loaded: 0)
System memory in use before: 234.1 MB.
System memory in use after: 234.3 MB.

Unloading 10 unused Assets to reduce memory usage. Loaded Objects now: 3343.
Total: 2.203522 ms (FindLiveObjects: 0.341856 ms CreateObjectMapping: 0.123461 ms MarkObjects: 1.693027 ms  DeleteObjects: 0.044470 ms)

========================================================================
Received Prepare
Registering precompiled user dll's ...
Registered in 0.001870 seconds.
Begin MonoManager ReloadAssembly
Native extension for OSXStandalone target not found
Refreshing native plugins compatible for Editor in 0.45 ms, found 1 plugins.
Preloading 0 native plugins for Editor in 0.00 ms.
Mono: successfully reloaded assembly
- Completed reload, in  0.964 seconds
Platform modules already initialized, skipping
Refreshing native plugins compatible for Editor in 0.46 ms, found 1 plugins.
Preloading 0 native plugins for Editor in 0.00 ms.
Unloading 2665 Unused Serialized files (Serialized files now loaded: 0)
System memory in use before: 234.3 MB.
System memory in use after: 234.5 MB.

Unloading 10 unused Assets to reduce memory usage. Loaded Objects now: 3346.
Total: 1.813188 ms (FindLiveObjects: 0.239344 ms CreateObjectMapping: 0.104429 ms MarkObjects: 1.426742 ms  DeleteObjects: 0.041899 ms)

========================================================================
Received Prepare
Registering precompiled user dll's ...
Registered in 0.002070 seconds.
Begin MonoManager ReloadAssembly
Native extension for OSXStandalone target not found
Refreshing native plugins compatible for Editor in 0.51 ms, found 1 plugins.
Preloading 0 native plugins for Editor in 0.00 ms.
Mono: successfully reloaded assembly
- Completed reload, in  0.956 seconds
Platform modules already initialized, skipping
Refreshing native plugins compatible for Editor in 0.44 ms, found 1 plugins.
Preloading 0 native plugins for Editor in 0.00 ms.
Unloading 2665 Unused Serialized files (Serialized files now loaded: 0)
System memory in use before: 234.5 MB.
System memory in use after: 234.7 MB.

Unloading 10 unused Assets to reduce memory usage. Loaded Objects now: 3349.
Total: 1.748787 ms (FindLiveObjects: 0.204341 ms CreateObjectMapping: 0.094094 ms MarkObjects: 1.409144 ms  DeleteObjects: 0.040493 ms)

========================================================================
Received Prepare
Registering precompiled user dll's ...
Registered in 0.001742 seconds.
Begin MonoManager ReloadAssembly
Native extension for OSXStandalone target not found
Refreshing native plugins compatible for Editor in 0.46 ms, found 1 plugins.
Preloading 0 native plugins for Editor in 0.00 ms.
Mono: successfully reloaded assembly
- Completed reload, in  0.975 seconds
Platform modules already initialized, skipping
Refreshing native plugins compatible for Editor in 0.64 ms, found 1 plugins.
Preloading 0 native plugins for Editor in 0.00 ms.
Unloading 2665 Unused Serialized files (Serialized files now loaded: 0)
System memory in use before: 234.7 MB.
System memory in use after: 234.9 MB.

Unloading 10 unused Assets to reduce memory usage. Loaded Objects now: 3352.
Total: 1.828692 ms (FindLiveObjects: 0.216974 ms CreateObjectMapping: 0.107405 ms MarkObjects: 1.460578 ms  DeleteObjects: 0.042980 ms)

========================================================================
Received Prepare
Registering precompiled user dll's ...
Registered in 0.002559 seconds.
Begin MonoManager ReloadAssembly
Native extension for OSXStandalone target not found
Refreshing native plugins compatible for Editor in 0.47 ms, found 1 plugins.
Preloading 0 native plugins for Editor in 0.00 ms.
Mono: successfully reloaded assembly
- Completed reload, in  0.926 seconds
Platform modules already initialized, skipping
Refreshing native plugins compatible for Editor in 0.62 ms, found 1 plugins.
Preloading 0 native plugins for Editor in 0.00 ms.
Unloading 2665 Unused Serialized files (Serialized files now loaded: 0)
System memory in use before: 234.9 MB.
System memory in use after: 235.1 MB.

Unloading 10 unused Assets to reduce memory usage. Loaded Objects now: 3355.
Total: 2.014909 ms (FindLiveObjects: 0.296938 ms CreateObjectMapping: 0.107958 ms MarkObjects: 1.564971 ms  DeleteObjects: 0.044245 ms)

========================================================================
Received Import Request.
  Time since last request: 390.843903 seconds.
  path: Assets/Prefabs/Steak.prefab
  artifactKey: Guid(b98b984821d8c47768af55de7368d267) Importer(815301076,1909f56bfc062723c751e8b465ee728b)
Start importing Assets/Prefabs/Steak.prefab using Guid(b98b984821d8c47768af55de7368d267) Importer(815301076,1909f56bfc062723c751e8b465ee728b)  -> (artifact id: 'b9ad810f863c0bbe224379b94d56027a') in 0.049170 seconds 
========================================================================
Received Import Request.
  Time since last request: 47.483610 seconds.
  path: Assets/Scenes
  artifactKey: Guid(c2e37960238a84a568efc363e2bfcf53) Importer(815301076,1909f56bfc062723c751e8b465ee728b)
Start importing Assets/Scenes using Guid(c2e37960238a84a568efc363e2bfcf53) Importer(815301076,1909f56bfc062723c751e8b465ee728b)  -> (artifact id: '4038e30a04d972f3be237fcd62c38cb8') in 0.001065 seconds 
========================================================================
Received Prepare
Registering precompiled user dll's ...
Registered in 0.001429 seconds.
Begin MonoManager ReloadAssembly
Native extension for OSXStandalone target not found
Refreshing native plugins compatible for Editor in 0.45 ms, found 1 plugins.
Preloading 0 native plugins for Editor in 0.00 ms.
Mono: successfully reloaded assembly
- Completed reload, in  0.938 seconds
Platform modules already initialized, skipping
Refreshing native plugins compatible for Editor in 0.93 ms, found 1 plugins.
Preloading 0 native plugins for Editor in 0.00 ms.
Unloading 2665 Unused Serialized files (Serialized files now loaded: 0)
System memory in use before: 235.1 MB.
System memory in use after: 235.3 MB.

Unloading 10 unused Assets to reduce memory usage. Loaded Objects now: 3359.
Total: 2.015887 ms (FindLiveObjects: 0.200392 ms CreateObjectMapping: 0.087497 ms MarkObjects: 1.633377 ms  DeleteObjects: 0.094012 ms)

========================================================================
Received Import Request.
  Time since last request: 52.890816 seconds.
  path: Assets/Prefabs/Steak.prefab
  artifactKey: Guid(b98b984821d8c47768af55de7368d267) Importer(815301076,1909f56bfc062723c751e8b465ee728b)
Start importing Assets/Prefabs/Steak.prefab using Guid(b98b984821d8c47768af55de7368d267) Importer(815301076,1909f56bfc062723c751e8b465ee728b)  -> (artifact id: '378a5934b7843558dcd175201284730e') in 0.046632 seconds 
========================================================================
Received Import Request.
  Time since last request: 6.418095 seconds.
  path: Assets/Prefabs/Steak.prefab
  artifactKey: Guid(b98b984821d8c47768af55de7368d267) Importer(815301076,1909f56bfc062723c751e8b465ee728b)
Start importing Assets/Prefabs/Steak.prefab using Guid(b98b984821d8c47768af55de7368d267) Importer(815301076,1909f56bfc062723c751e8b465ee728b)  -> (artifact id: '3ddfd24b8ec44bbd36d7f86a0b10fbc1') in 0.007209 seconds 
========================================================================
Received Import Request.
  Time since last request: 5.235223 seconds.
  path: Assets/Prefabs/Steak.prefab
  artifactKey: Guid(b98b984821d8c47768af55de7368d267) Importer(815301076,1909f56bfc062723c751e8b465ee728b)
Start importing Assets/Prefabs/Steak.prefab using Guid(b98b984821d8c47768af55de7368d267) Importer(815301076,1909f56bfc062723c751e8b465ee728b)  -> (artifact id: '28c518e23dc8df534148f3790c55a615') in 0.006133 seconds 
========================================================================
Received Import Request.
  Time since last request: 33.546224 seconds.
  path: Assets/Prefabs/Steak.prefab
  artifactKey: Guid(b98b984821d8c47768af55de7368d267) Importer(815301076,1909f56bfc062723c751e8b465ee728b)
Start importing Assets/Prefabs/Steak.prefab using Guid(b98b984821d8c47768af55de7368d267) Importer(815301076,1909f56bfc062723c751e8b465ee728b)  -> (artifact id: 'ca65522739d6e7427fbe35a83e0f362f') in 0.008375 seconds 
========================================================================
Received Import Request.
  Time since last request: 3.621735 seconds.
  path: Assets/Prefabs/Steak.prefab
  artifactKey: Guid(b98b984821d8c47768af55de7368d267) Importer(815301076,1909f56bfc062723c751e8b465ee728b)
Start importing Assets/Prefabs/Steak.prefab using Guid(b98b984821d8c47768af55de7368d267) Importer(815301076,1909f56bfc062723c751e8b465ee728b)  -> (artifact id: '410398086efea75dfad64fa968691916') in 0.007490 seconds 
========================================================================
Received Prepare
Registering precompiled user dll's ...
Registered in 0.001473 seconds.
Begin MonoManager ReloadAssembly
Native extension for OSXStandalone target not found
Refreshing native plugins compatible for Editor in 0.49 ms, found 1 plugins.
Preloading 0 native plugins for Editor in 0.00 ms.
Mono: successfully reloaded assembly
- Completed reload, in  0.927 seconds
Platform modules already initialized, skipping
Refreshing native plugins compatible for Editor in 0.43 ms, found 1 plugins.
Preloading 0 native plugins for Editor in 0.00 ms.
Unloading 2665 Unused Serialized files (Serialized files now loaded: 0)
System memory in use before: 235.4 MB.
System memory in use after: 235.6 MB.

Unloading 10 unused Assets to reduce memory usage. Loaded Objects now: 3363.
Total: 2.134803 ms (FindLiveObjects: 0.212096 ms CreateObjectMapping: 0.097114 ms MarkObjects: 1.780158 ms  DeleteObjects: 0.044615 ms)

========================================================================
Received Import Request.
  Time since last request: 23.104156 seconds.
  path: Assets/Prefabs/Steak.prefab
  artifactKey: Guid(b98b984821d8c47768af55de7368d267) Importer(815301076,1909f56bfc062723c751e8b465ee728b)
Start importing Assets/Prefabs/Steak.prefab using Guid(b98b984821d8c47768af55de7368d267) Importer(815301076,1909f56bfc062723c751e8b465ee728b)  -> (artifact id: 'a01ce193cadbb70a747bad5453cc9af5') in 0.046215 seconds 
========================================================================
Received Prepare
Registering precompiled user dll's ...
Registered in 0.001535 seconds.
Begin MonoManager ReloadAssembly
Native extension for OSXStandalone target not found
Refreshing native plugins compatible for Editor in 0.46 ms, found 1 plugins.
Preloading 0 native plugins for Editor in 0.00 ms.
Mono: successfully reloaded assembly
- Completed reload, in  0.968 seconds
Platform modules already initialized, skipping
Refreshing native plugins compatible for Editor in 0.47 ms, found 1 plugins.
Preloading 0 native plugins for Editor in 0.00 ms.
Unloading 2665 Unused Serialized files (Serialized files now loaded: 0)
System memory in use before: 235.7 MB.
System memory in use after: 235.9 MB.

Unloading 10 unused Assets to reduce memory usage. Loaded Objects now: 3367.
Total: 2.138130 ms (FindLiveObjects: 0.242111 ms CreateObjectMapping: 0.110178 ms MarkObjects: 1.734514 ms  DeleteObjects: 0.050366 ms)

========================================================================
Received Import Request.
  Time since last request: 205.740222 seconds.
  path: Assets/Prefabs/Dogs/Dog_SaintBernard_01.prefab
  artifactKey: Guid(7e327461e79cb2a479e055d455c9a2fd) Importer(815301076,1909f56bfc062723c751e8b465ee728b)
Start importing Assets/Prefabs/Dogs/Dog_SaintBernard_01.prefab using Guid(7e327461e79cb2a479e055d455c9a2fd) Importer(815301076,1909f56bfc062723c751e8b465ee728b)  -> (artifact id: '1713d87273957bce4ec1af9c519557f2') in 0.101029 seconds 
========================================================================
Received Prepare
Registering precompiled user dll's ...
Registered in 0.002539 seconds.
Begin MonoManager ReloadAssembly
Native extension for OSXStandalone target not found
Refreshing native plugins compatible for Editor in 0.44 ms, found 1 plugins.
Preloading 0 native plugins for Editor in 0.00 ms.
Mono: successfully reloaded assembly
- Completed reload, in  0.906 seconds
Platform modules already initialized, skipping
Refreshing native plugins compatible for Editor in 0.45 ms, found 1 plugins.
Preloading 0 native plugins for Editor in 0.00 ms.
Unloading 2665 Unused Serialized files (Serialized files now loaded: 0)
System memory in use before: 236.1 MB.
System memory in use after: 236.3 MB.

Unloading 10 unused Assets to reduce memory usage. Loaded Objects now: 3371.
Total: 1.789854 ms (FindLiveObjects: 0.207317 ms CreateObjectMapping: 0.101364 ms MarkObjects: 1.439224 ms  DeleteObjects: 0.041274 ms)

========================================================================
Received Import Request.
  Time since last request: 98.970939 seconds.
  path: Assets/Prefabs/Farm/Animal_Rooster_Brown.prefab
  artifactKey: Guid(3fe800c166ae0d04881a20247bde736d) Importer(815301076,1909f56bfc062723c751e8b465ee728b)
Start importing Assets/Prefabs/Farm/Animal_Rooster_Brown.prefab using Guid(3fe800c166ae0d04881a20247bde736d) Importer(815301076,1909f56bfc062723c751e8b465ee728b)  -> (artifact id: '9bc691b11747b7cc91ee2d8f30218835') in 0.062811 seconds 
========================================================================
Received Prepare
Registering precompiled user dll's ...
Registered in 0.006790 seconds.
Begin MonoManager ReloadAssembly
Native extension for OSXStandalone target not found
Refreshing native plugins compatible for Editor in 0.44 ms, found 1 plugins.
Preloading 0 native plugins for Editor in 0.00 ms.
Mono: successfully reloaded assembly
- Completed reload, in  0.919 seconds
Platform modules already initialized, skipping
Refreshing native plugins compatible for Editor in 0.44 ms, found 1 plugins.
Preloading 0 native plugins for Editor in 0.00 ms.
Unloading 2665 Unused Serialized files (Serialized files now loaded: 0)
System memory in use before: 236.3 MB.
System memory in use after: 236.5 MB.

Unloading 10 unused Assets to reduce memory usage. Loaded Objects now: 3375.
Total: 1.858104 ms (FindLiveObjects: 0.214391 ms CreateObjectMapping: 0.098597 ms MarkObjects: 1.503478 ms  DeleteObjects: 0.040846 ms)

========================================================================
Received Prepare
Registering precompiled user dll's ...
Registered in 0.005167 seconds.
Begin MonoManager ReloadAssembly
Native extension for OSXStandalone target not found
Refreshing native plugins compatible for Editor in 0.44 ms, found 1 plugins.
Preloading 0 native plugins for Editor in 0.00 ms.
Mono: successfully reloaded assembly
- Completed reload, in  0.938 seconds
Platform modules already initialized, skipping
Refreshing native plugins compatible for Editor in 0.45 ms, found 1 plugins.
Preloading 0 native plugins for Editor in 0.00 ms.
Unloading 2665 Unused Serialized files (Serialized files now loaded: 0)
System memory in use before: 236.5 MB.
System memory in use after: 236.7 MB.

Unloading 10 unused Assets to reduce memory usage. Loaded Objects now: 3378.
Total: 1.833651 ms (FindLiveObjects: 0.247171 ms CreateObjectMapping: 0.113421 ms MarkObjects: 1.428884 ms  DeleteObjects: 0.043414 ms)

========================================================================
Received Prepare
Registering precompiled user dll's ...
Registered in 0.006137 seconds.
Begin MonoManager ReloadAssembly
Native extension for OSXStandalone target not found
Refreshing native plugins compatible for Editor in 0.44 ms, found 1 plugins.
Preloading 0 native plugins for Editor in 0.00 ms.
Mono: successfully reloaded assembly
- Completed reload, in  0.934 seconds
Platform modules already initialized, skipping
Refreshing native plugins compatible for Editor in 0.45 ms, found 1 plugins.
Preloading 0 native plugins for Editor in 0.00 ms.
Unloading 2665 Unused Serialized files (Serialized files now loaded: 0)
System memory in use before: 236.7 MB.
System memory in use after: 236.9 MB.

Unloading 10 unused Assets to reduce memory usage. Loaded Objects now: 3381.
Total: 1.834565 ms (FindLiveObjects: 0.241674 ms CreateObjectMapping: 0.093464 ms MarkObjects: 1.457482 ms  DeleteObjects: 0.041037 ms)

========================================================================
Received Import Request.
  Time since last request: 376.683033 seconds.
  path: Assets/Scripts/DetectCollision.cs
  artifactKey: Guid(30c821884462a42fcbd7ac6e25ed4f92) Importer(815301076,1909f56bfc062723c751e8b465ee728b)
Start importing Assets/Scripts/DetectCollision.cs using Guid(30c821884462a42fcbd7ac6e25ed4f92) Importer(815301076,1909f56bfc062723c751e8b465ee728b)  -> (artifact id: '272ab7fbf1f98d8df760e4138cbe5856') in 0.005695 seconds 
========================================================================
Received Import Request.
  Time since last request: 7.843234 seconds.
  path: Assets/Scripts/PlayerController.cs
  artifactKey: Guid(a18bab4259e7b4af9a2aca85b82fe430) Importer(815301076,1909f56bfc062723c751e8b465ee728b)
Start importing Assets/Scripts/PlayerController.cs using Guid(a18bab4259e7b4af9a2aca85b82fe430) Importer(815301076,1909f56bfc062723c751e8b465ee728b)  -> (artifact id: '48345c54272c51b116ea0f2e183c7c43') in 0.001989 seconds 
========================================================================
Received Import Request.
  Time since last request: 54.912463 seconds.
  path: Assets/Prefabs/Farm/Animal_Rooster_Brown.prefab
  artifactKey: Guid(3fe800c166ae0d04881a20247bde736d) Importer(815301076,1909f56bfc062723c751e8b465ee728b)
Start importing Assets/Prefabs/Farm/Animal_Rooster_Brown.prefab using Guid(3fe800c166ae0d04881a20247bde736d) Importer(815301076,1909f56bfc062723c751e8b465ee728b)  -> (artifact id: 'a06c5e1f1d72782e7388c162a9ddbc40') in 0.056295 seconds 
========================================================================
Received Prepare
Registering precompiled user dll's ...
Registered in 0.001321 seconds.
Begin MonoManager ReloadAssembly
Native extension for OSXStandalone target not found
Refreshing native plugins compatible for Editor in 0.43 ms, found 1 plugins.
Preloading 0 native plugins for Editor in 0.00 ms.
Mono: successfully reloaded assembly
- Completed reload, in  0.896 seconds
Platform modules already initialized, skipping
Refreshing native plugins compatible for Editor in 0.44 ms, found 1 plugins.
Preloading 0 native plugins for Editor in 0.00 ms.
Unloading 2665 Unused Serialized files (Serialized files now loaded: 0)
System memory in use before: 237.0 MB.
System memory in use after: 237.2 MB.

Unloading 10 unused Assets to reduce memory usage. Loaded Objects now: 3385.
Total: 1.751017 ms (FindLiveObjects: 0.205922 ms CreateObjectMapping: 0.099044 ms MarkObjects: 1.400476 ms  DeleteObjects: 0.044900 ms)

AssetImportWorkerClient::OnTransportError - code=2 error=End of file
